"","site_id","tran_id","date","obs_1","obs_2","obs_3","obs_4","start_time","end_time","duration_hr","n_observers","total_hours"
"1","fort_pearce","FP097","3/26/2025","EK","JK","QJ","SSS",10:53:00,11:52:00,0.983333333333333,4,3.93333333333333
"2","fort_pearce","FP110","3/26/2025","EK","QJ",NA,NA,09:11:00,10:30:00,1.31666666666667,2,2.63333333333333
"3","fort_pearce","FP119","3/26/2025","JK","SSS",NA,NA,09:11:00,10:29:00,1.3,2,2.6
"4","white_reef","WR037","3/27/2025","EK","QJ",NA,NA,12:44:00,13:50:00,1.1,2,2.2
"5","white_reef","WR054","3/27/2025","QJ","EK",NA,NA,11:00:00,12:29:00,1.48333333333333,2,2.96666666666667
"6","white_reef","WR087","3/27/2025","SSS",NA,NA,NA,11:52:00,13:11:00,1.31666666666667,1,1.31666666666667
"7","white_reef","WR102","3/27/2025","EK","QJ",NA,NA,09:09:00,10:30:00,1.35,2,2.7
"8","white_reef","WR121","3/27/2025","SSS",NA,NA,NA,09:41:00,11:22:00,1.68333333333333,1,1.68333333333333
"9","paradise_canyon","PC009","3/31/2025","SSS",NA,NA,NA,09:09:00,10:53:00,1.73333333333333,1,1.73333333333333
"10","paradise_canyon","PC015","3/31/2025","SSS",NA,NA,NA,11:18:00,12:40:00,1.36666666666667,1,1.36666666666667
"11","sun_river","SR015","3/31/2025","QJ","SSS",NA,NA,16:44:00,18:10:00,1.43333333333333,2,2.86666666666667
"12","sun_river","SR031","3/31/2025","EK",NA,NA,NA,16:47:00,18:11:00,1.4,1,1.4
"13","cove_wash","CW065","4/1/2025","QJ",NA,NA,NA,16:10:00,17:27:00,1.28333333333333,1,1.28333333333333
"14","cove_wash","CW070","4/1/2025","SSS",NA,NA,NA,16:06:00,17:36:00,1.5,1,1.5
"15","turkey_farm","TF015","4/1/2025","SSS",NA,NA,NA,09:15:00,10:45:00,1.5,1,1.5
"16","turkey_farm","TF045","4/1/2025","QJ",NA,NA,NA,09:20:00,10:31:00,1.18333333333333,1,1.18333333333333
"17","turkey_farm","TF060","4/1/2025","SSS",NA,NA,NA,11:11:00,12:40:00,1.48333333333333,1,1.48333333333333
"18","turkey_farm","TF064","4/1/2025","QJ",NA,NA,NA,11:00:00,12:15:00,1.25,1,1.25
"19","sun_river","SR064","4/2/2025","SSS",NA,NA,NA,08:10:00,09:33:00,1.38333333333333,1,1.38333333333333
"20","sun_river","SR084","4/2/2025","EK",NA,NA,NA,08:12:00,09:47:00,1.58333333333333,1,1.58333333333333
"21","turkey_farm","TF050","4/2/2025","CSS","SSS",NA,NA,12:15:00,13:42:00,1.45,2,2.9
"22","turkey_farm","TF103","4/2/2025","CG","EK",NA,NA,14:33:00,15:40:00,1.11666666666667,2,2.23333333333333
"23","turkey_farm","TF109","4/2/2025","CSS","SSS",NA,NA,14:17:00,15:37:00,1.33333333333333,2,2.66666666666667
"24","turkey_farm","TF148","4/2/2025","CG","EK",NA,NA,12:12:00,13:49:00,1.61666666666667,2,3.23333333333333
"25","paradise_canyon","PC028","4/3/2025","CSS","SSS",NA,NA,13:26:00,15:11:00,1.75,2,3.5
"26","paradise_canyon","PC124","4/3/2025","CG","QJ",NA,NA,13:13:00,14:41:00,1.46666666666667,2,2.93333333333333
"27","fort_pearce","FP001","4/4/2025","QJ",NA,NA,NA,13:31:00,14:58:00,1.45,1,1.45
"28","fort_pearce","FP109","4/4/2025","SSS",NA,NA,NA,13:27:00,14:57:00,1.5,1,1.5
"29","paradise_canyon","PC043","4/5/2025","QJ",NA,NA,NA,12:35:00,14:09:00,1.56666666666667,1,1.56666666666667
"30","paradise_canyon","PC104","4/5/2025","QJ",NA,NA,NA,10:17:00,12:00:00,1.71666666666667,1,1.71666666666667
"31","paradise_canyon","PC121","4/5/2025","EK",NA,NA,NA,09:55:00,11:29:00,1.56666666666667,1,1.56666666666667
"32","white_reef","WR008","4/6/2025","SSS",NA,NA,NA,13:06:00,14:36:00,1.5,1,1.5
"33","white_reef","WR048","4/6/2025","QJ",NA,NA,NA,15:15:00,16:53:00,1.63333333333333,1,1.63333333333333
"34","white_reef","WR112","4/6/2025","QJ",NA,NA,NA,13:10:00,14:35:00,1.41666666666667,1,1.41666666666667
"35","white_reef","WR120","4/6/2025","SSS",NA,NA,NA,15:30:00,16:46:00,1.26666666666667,1,1.26666666666667
"36","cove_wash","CW149","4/7/2025","QJ",NA,NA,NA,13:10:00,14:42:00,1.53333333333333,1,1.53333333333333
"37","cove_wash","CW037","4/7/2025","QJ",NA,NA,NA,11:25:00,13:01:00,1.6,1,1.6
"38","cove_wash","CW015","4/7/2025","EK",NA,NA,NA,12:45:00,14:19:00,1.56666666666667,1,1.56666666666667
"39","cove_wash","CW071","4/7/2025","EK",NA,NA,NA,10:50:00,12:24:00,1.56666666666667,1,1.56666666666667
"40","paradise_canyon","PC142","4/8/2025","EK",NA,NA,NA,12:16:00,13:48:00,1.53333333333333,1,1.53333333333333
"41","paradise_canyon","PC049","4/8/2025","EK",NA,NA,NA,10:25:00,11:58:00,1.55,1,1.55
"42","paradise_canyon","PC041","4/8/2025","SSS",NA,NA,NA,12:30:00,14:00:00,1.5,1,1.5
"43","paradise_canyon","PC093","4/8/2025","SSS",NA,NA,NA,10:38:00,12:14:00,1.6,1,1.6
"44","sun_river","SR048","4/9/2025","SSS",NA,NA,NA,11:30:00,13:00:00,1.5,1,1.5
"45","sun_river","SR068","4/9/2025","SSS",NA,NA,NA,13:30:00,15:03:00,1.55,1,1.55
"46","sun_river","SR107","4/9/2025","QJ",NA,NA,NA,13:48:00,15:22:00,1.56666666666667,1,1.56666666666667
"47","sun_river","SR115","4/9/2025","QJ",NA,NA,NA,10:55:00,13:04:00,2.15,1,2.15
"48","turkey_farm","TF145","4/10/2025","EK",NA,NA,NA,09:56:00,11:33:00,1.61666666666667,1,1.61666666666667
"49","turkey_farm","TF011","4/10/2025","EK",NA,NA,NA,12:01:00,13:32:00,1.51666666666667,1,1.51666666666667
"50","turkey_farm","TF092","4/10/2025","QJ",NA,NA,NA,09:39:00,11:11:00,1.53333333333333,1,1.53333333333333
"51","turkey_farm","TF149","4/10/2025","QJ",NA,NA,NA,11:36:00,13:11:00,1.58333333333333,1,1.58333333333333
"52","white_reef","WR009","4/11/2025","EK",NA,NA,NA,10:40:00,12:10:00,1.5,1,1.5
"53","white_reef","WR135","4/11/2025","EK",NA,NA,NA,08:49:00,10:21:00,1.53333333333333,1,1.53333333333333
"54","white_reef","WR066","4/11/2025","SSS",NA,NA,NA,10:44:00,12:00:00,1.26666666666667,1,1.26666666666667
"55","white_reef","WR138","4/11/2025","SSS",NA,NA,NA,08:50:00,10:10:00,1.33333333333333,1,1.33333333333333
"56","cove_wash","CW098","4/12/2025","QJ",NA,NA,NA,16:03:00,17:33:00,1.5,1,1.5
"57","cove_wash","CW073","4/12/2025","SSS",NA,NA,NA,16:05:00,17:35:00,1.5,1,1.5
"58","paradise_canyon","PC006","4/13/2025","EK",NA,NA,NA,08:30:00,10:20:00,1.83333333333333,1,1.83333333333333
"59","paradise_canyon","PC094","4/13/2025","SSS",NA,NA,NA,08:42:00,10:18:00,1.6,1,1.6
"60","sun_river","SR021","4/13/2025","SSS",NA,NA,NA,14:30:00,16:00:00,1.5,1,1.5
"61","sun_river","SR061","4/13/2025","EK",NA,NA,NA,14:21:00,15:51:00,1.5,1,1.5
"62","fort_pearce","FP081","4/14/2025","SSS",NA,NA,NA,11:54:00,13:25:00,1.51666666666667,1,1.51666666666667
"63","fort_pearce","FP111","4/14/2025","SSS",NA,NA,NA,13:45:00,15:17:00,1.53333333333333,1,1.53333333333333
"64","fort_pearce","FP145","4/14/2025","DTP",NA,NA,NA,13:46:00,15:16:00,1.5,1,1.5
"65","fort_pearce","FP090","4/14/2025","DTP",NA,NA,NA,11:47:00,13:10:00,1.38333333333333,1,1.38333333333333
"66","turkey_farm","TF110","4/15/2025","SSS",NA,NA,NA,11:50:00,13:21:00,1.51666666666667,1,1.51666666666667
"67","turkey_farm","TF119","4/15/2025","SSS",NA,NA,NA,14:10:00,15:41:00,1.51666666666667,1,1.51666666666667
"68","turkey_farm","TF127","4/15/2025","SSS",NA,NA,NA,16:15:00,17:43:00,1.46666666666667,1,1.46666666666667
"69","turkey_farm","TF123","4/15/2025","QJ",NA,NA,NA,11:59:00,13:24:00,1.41666666666667,1,1.41666666666667
"70","turkey_farm","TF100","4/15/2025","QJ",NA,NA,NA,14:35:00,15:59:00,1.4,1,1.4
"71","turkey_farm","TF006","4/15/2025","QJ",NA,NA,NA,16:22:00,17:51:00,1.48333333333333,1,1.48333333333333
"72","paradise_canyon","PC067","4/16/2025","EK",NA,NA,NA,11:32:00,13:03:00,1.51666666666667,1,1.51666666666667
"73","paradise_canyon","PC133","4/16/2025","EK",NA,NA,NA,13:55:00,15:32:00,1.61666666666667,1,1.61666666666667
"74","paradise_canyon","PC106","4/16/2025","EK",NA,NA,NA,09:24:00,10:55:00,1.51666666666667,1,1.51666666666667
"75","paradise_canyon","PC014","4/16/2025","DTP",NA,NA,NA,14:35:00,16:05:00,1.5,1,1.5
"76","paradise_canyon","PC097","4/16/2025","DTP",NA,NA,NA,11:43:00,13:14:00,1.51666666666667,1,1.51666666666667
"77","paradise_canyon","PC072","4/16/2025","DTP",NA,NA,NA,09:22:00,10:52:00,1.5,1,1.5
"78","sun_river","SR080","4/17/2025","DTP",NA,NA,NA,09:51:00,11:21:00,1.5,1,1.5
"79","sun_river","SR146","4/17/2025","DTP",NA,NA,NA,11:52:00,13:22:00,1.5,1,1.5
"80","sun_river","SR116","4/17/2025","SSS",NA,NA,NA,11:15:00,12:45:00,1.5,1,1.5
"81","sun_river","SR106","4/17/2025","SSS",NA,NA,NA,09:17:00,10:49:00,1.53333333333333,1,1.53333333333333
"82","cove_wash","CW099","4/19/2025","SSS",NA,NA,NA,11:40:00,13:15:00,1.58333333333333,1,1.58333333333333
"83","cove_wash","CW097","4/19/2025","SSS",NA,NA,NA,13:40:00,15:10:00,1.5,1,1.5
"84","cove_wash","CW023","4/19/2025","EK",NA,NA,NA,12:14:00,13:50:00,1.6,1,1.6
"85","cove_wash","CW150","4/19/2025","EK",NA,NA,NA,14:11:00,15:44:00,1.55,1,1.55
"86","fort_pearce","FP013","4/20/2025","QJ",NA,NA,NA,13:25:00,14:46:00,1.35,1,1.35
"87","fort_pearce","FP126","4/20/2025","QJ",NA,NA,NA,11:40:00,13:10:00,1.5,1,1.5
"88","fort_pearce","FP079","4/20/2025","QJ",NA,NA,NA,14:55:00,16:30:00,1.58333333333333,1,1.58333333333333
"89","fort_pearce","FP149","4/20/2025","EK",NA,NA,NA,15:26:00,16:52:00,1.43333333333333,1,1.43333333333333
"90","fort_pearce","FP038","4/20/2025","EK",NA,NA,NA,11:37:00,13:03:00,1.43333333333333,1,1.43333333333333
"91","fort_pearce","FP040","4/20/2025","EK",NA,NA,NA,13:23:00,14:52:00,1.48333333333333,1,1.48333333333333
"92","turkey_farm","TF150","4/21/2025","DTP",NA,NA,NA,12:03:00,13:33:00,1.5,1,1.5
"93","turkey_farm","TF108","4/21/2025","QJ",NA,NA,NA,12:05:00,13:48:00,1.71666666666667,1,1.71666666666667
"94","white_reef","WR082","4/23/2025","DTP",NA,NA,NA,13:45:00,15:15:00,1.5,1,1.5
"95","white_reef","WR131","4/23/2025","DTP",NA,NA,NA,11:40:00,13:10:00,1.5,1,1.5
"96","white_reef","WR031","4/23/2025","DTP",NA,NA,NA,09:49:00,11:19:00,1.5,1,1.5
"97","white_reef","WR110","4/23/2025","SSS",NA,NA,NA,09:20:00,10:56:00,1.6,1,1.6
"98","white_reef","WR091","4/23/2025","SSS",NA,NA,NA,11:30:00,13:00:00,1.5,1,1.5
"99","white_reef","WR052","4/23/2025","SSS",NA,NA,NA,13:31:00,15:00:00,1.48333333333333,1,1.48333333333333
"100","sun_river","SR099","4/24/2025","EK",NA,NA,NA,08:55:00,10:27:00,1.53333333333333,1,1.53333333333333
"101","sun_river","SR022","4/24/2025","EK",NA,NA,NA,10:49:00,12:15:00,1.43333333333333,1,1.43333333333333
"102","sun_river","SR010","4/24/2025","EK",NA,NA,NA,12:28:00,13:59:00,1.51666666666667,1,1.51666666666667
"103","sun_river","SR095","4/24/2025","DTP",NA,NA,NA,13:49:00,15:19:00,1.5,1,1.5
"104","sun_river","SR083","4/24/2025","DTP",NA,NA,NA,11:47:00,13:17:00,1.5,1,1.5
"105","sun_river","SR145","4/24/2025","DTP",NA,NA,NA,09:23:00,10:53:00,1.5,1,1.5
"106","fort_pearce","FP012","4/25/2025","SSS","CSG",NA,NA,10:00:00,11:31:00,1.51666666666667,2,3.03333333333333
"107","fort_pearce","FP053","4/25/2025","SSS",NA,NA,NA,14:15:00,15:46:00,1.51666666666667,1,1.51666666666667
"108","fort_pearce","FP105","4/25/2025","SSS",NA,NA,NA,12:10:00,13:43:00,1.55,1,1.55
"109","fort_pearce","FP055","4/25/2025","QJ",NA,NA,NA,10:20:00,11:53:00,1.55,1,1.55
"110","fort_pearce","FP024","4/25/2025","CSG",NA,NA,NA,14:20:00,15:49:00,1.48333333333333,1,1.48333333333333
"111","fort_pearce","FP107","4/25/2025","QJ","CSG",NA,NA,12:22:00,13:48:00,1.43333333333333,2,2.86666666666667
"112","paradise_canyon","PC037","4/26/2025","QJ",NA,NA,NA,08:33:00,10:15:00,1.7,1,1.7
"113","paradise_canyon","PC117","4/26/2025","QJ",NA,NA,NA,10:40:00,12:40:00,2,1,2
"114","paradise_canyon","PC012","4/26/2025","QJ",NA,NA,NA,13:20:00,14:47:00,1.45,1,1.45
"115","paradise_canyon","PC010","4/26/2025","CSG",NA,NA,NA,08:51:00,10:29:00,1.63333333333333,1,1.63333333333333
"116","paradise_canyon","PC070","4/26/2025","CSG",NA,NA,NA,11:01:00,12:34:00,1.55,1,1.55
"117","paradise_canyon","PC061","4/26/2025","CSG",NA,NA,NA,13:19:00,14:50:00,1.51666666666667,1,1.51666666666667
"118","turkey_farm","TF081","4/27/2025","EK",NA,NA,NA,09:58:00,11:33:00,1.58333333333333,1,1.58333333333333
"119","turkey_farm","TF054","4/27/2025","EK",NA,NA,NA,11:57:00,13:33:00,1.6,1,1.6
"120","turkey_farm","TF068","4/27/2025","EK",NA,NA,NA,14:25:00,15:55:00,1.5,1,1.5
"121","turkey_farm","TF047","4/27/2025","DTP",NA,NA,NA,13:56:00,15:26:00,1.5,1,1.5
"122","turkey_farm","TF140","4/27/2025","DTP",NA,NA,NA,11:58:00,13:28:00,1.5,1,1.5
"123","turkey_farm","TF052","4/27/2025","DTP",NA,NA,NA,09:58:00,11:28:00,1.5,1,1.5
"124","cove_wash","CW141","4/28/2025","SSS",NA,NA,NA,09:50:00,11:26:00,1.6,1,1.6
"125","cove_wash","CW017","4/28/2025","SSS",NA,NA,NA,11:50:00,13:26:00,1.6,1,1.6
"126","cove_wash","CW041","4/28/2025","SSS",NA,NA,NA,14:05:00,15:35:00,1.5,1,1.5
"127","cove_wash","CW111","4/28/2025","DTP",NA,NA,NA,14:38:00,16:08:00,1.5,1,1.5
"128","cove_wash","CW138","4/28/2025","DTP",NA,NA,NA,12:33:00,14:03:00,1.5,1,1.5
"129","cove_wash","CW086","4/28/2025","DTP",NA,NA,NA,10:24:00,11:55:00,1.51666666666667,1,1.51666666666667
"130","white_reef","WR085","4/29/2025","QJ",NA,NA,NA,11:05:00,12:39:00,1.56666666666667,1,1.56666666666667
"131","white_reef","WR071","4/29/2025","QJ",NA,NA,NA,08:40:00,10:25:00,1.75,1,1.75
"132","white_reef","WR144","4/29/2025","SSS",NA,NA,NA,09:30:00,11:04:00,1.56666666666667,1,1.56666666666667
"133","white_reef","WR124","4/29/2025","SSS",NA,NA,NA,11:20:00,12:50:00,1.5,1,1.5
"134","white_reef","WR045","4/29/2025","CSG",NA,NA,NA,09:18:00,10:47:00,1.48333333333333,1,1.48333333333333
"135","white_reef","WR128","4/29/2025","CSG",NA,NA,NA,11:08:00,12:34:00,1.43333333333333,1,1.43333333333333
"136","turkey_farm","TF004","4/30/2025","SSS",NA,NA,NA,10:30:00,12:10:00,1.66666666666667,1,1.66666666666667
"137","turkey_farm","TF098","4/30/2025","SSS",NA,NA,NA,12:20:00,13:55:00,1.58333333333333,1,1.58333333333333
"138","turkey_farm","TF063","4/30/2025","CSG",NA,NA,NA,10:33:00,11:58:00,1.41666666666667,1,1.41666666666667
"139","turkey_farm","TF085","4/30/2025","CSG",NA,NA,NA,12:28:00,13:55:00,1.45,1,1.45
"140","turkey_farm","TF137","4/30/2025","QJ",NA,NA,NA,10:55:00,12:26:00,1.51666666666667,1,1.51666666666667
"141","turkey_farm","TF087","4/30/2025","QJ",NA,NA,NA,13:15:00,14:35:00,1.33333333333333,1,1.33333333333333
"142","sun_river","SR104","5/1/2025","DTP",NA,NA,NA,09:53:00,11:23:00,1.5,1,1.5
"143","sun_river","SR035","5/1/2025","DTP",NA,NA,NA,12:06:00,13:36:00,1.5,1,1.5
"144","sun_river","SR002","5/1/2025","DTP",NA,NA,NA,14:07:00,15:36:00,1.48333333333333,1,1.48333333333333
"145","sun_river","SR044","5/1/2025","EK",NA,NA,NA,11:24:00,12:53:00,1.48333333333333,1,1.48333333333333
"146","sun_river","SR108","5/1/2025","EK",NA,NA,NA,13:22:00,14:53:00,1.51666666666667,1,1.51666666666667
"147","sun_river","SR017","5/1/2025","EK",NA,NA,NA,09:25:00,10:55:00,1.5,1,1.5
"148","paradise_canyon","PC022","5/2/2025","DTP",NA,NA,NA,09:23:00,11:03:00,1.66666666666667,1,1.66666666666667
"149","paradise_canyon","PC087","5/2/2025","DTP",NA,NA,NA,11:34:00,13:04:00,1.5,1,1.5
"150","paradise_canyon","PC036","5/2/2025","DTP",NA,NA,NA,13:44:00,15:14:00,1.5,1,1.5
"151","paradise_canyon","PC003","5/2/2025","EK",NA,NA,NA,09:22:00,11:01:00,1.65,1,1.65
"152","paradise_canyon","PC118","5/2/2025","EK",NA,NA,NA,12:14:00,13:47:00,1.55,1,1.55
"153","paradise_canyon","PC135","5/2/2025","EK",NA,NA,NA,14:16:00,15:48:00,1.53333333333333,1,1.53333333333333
"154","fort_pearce","FP091","5/6/2025","EK",NA,NA,NA,11:47:00,13:20:00,1.55,1,1.55
"155","fort_pearce","FP014","5/6/2025","EK",NA,NA,NA,13:50:00,15:21:00,1.51666666666667,1,1.51666666666667
"156","fort_pearce","FP096","5/6/2025","SSS",NA,NA,NA,13:45:00,15:13:00,1.46666666666667,1,1.46666666666667
"157","fort_pearce","FP028","5/6/2025","SSS",NA,NA,NA,11:30:00,13:02:00,1.53333333333333,1,1.53333333333333
"158","turkey_farm","TF090","5/7/2025","EK",NA,NA,NA,17:30:00,18:48:00,1.3,1,1.3
"159","cove_wash","CW038","5/7/2025","DTP",NA,NA,NA,08:36:00,10:06:00,1.5,1,1.5
"160","cove_wash","CW019","5/7/2025","SSS",NA,NA,NA,08:15:00,09:47:00,1.53333333333333,1,1.53333333333333
"161","turkey_farm","TF091","5/7/2025","QJ",NA,NA,NA,17:30:00,19:09:00,1.65,1,1.65
"162","white_reef","WR104","5/8/2025","SSS",NA,NA,NA,11:10:00,12:42:00,1.53333333333333,1,1.53333333333333
"163","white_reef","WR145","5/8/2025","SSS",NA,NA,NA,09:20:00,10:54:00,1.56666666666667,1,1.56666666666667
"164","white_reef","WR076","5/8/2025","DTP",NA,NA,NA,11:30:00,13:00:00,1.5,1,1.5
"165","white_reef","WR063","5/8/2025","DTP",NA,NA,NA,09:31:00,11:01:00,1.5,1,1.5
"166","paradise_canyon","PC004","5/9/2025","QJ",NA,NA,NA,09:15:00,10:48:00,1.55,1,1.55
"167","paradise_canyon","PC125","5/9/2025","QJ",NA,NA,NA,11:50:00,13:39:00,1.81666666666667,1,1.81666666666667
"168","paradise_canyon","PC091","5/11/2025","SSS",NA,NA,NA,15:50:00,17:20:00,1.5,1,1.5
"169","paradise_canyon","PC055","5/11/2025","SSS",NA,NA,NA,13:30:00,15:04:00,1.56666666666667,1,1.56666666666667
"170","paradise_canyon","PC063","5/11/2025","QJ",NA,NA,NA,13:10:00,14:40:00,1.5,1,1.5
"171","paradise_canyon","PC132","5/11/2025","QJ",NA,NA,NA,15:15:00,16:53:00,1.63333333333333,1,1.63333333333333
"172","sun_river","SR150","5/12/2025","EK",NA,NA,NA,14:21:00,15:15:00,0.9,1,0.9
"173","sun_river","SR134","5/12/2025","QJ",NA,NA,NA,14:30:00,15:55:00,1.41666666666667,1,1.41666666666667
"174","sun_river","SR007","5/12/2025","QJ",NA,NA,NA,16:38:00,18:02:00,1.4,1,1.4
"175","sun_river","SR085","5/12/2025","EK",NA,NA,NA,16:20:00,17:49:00,1.48333333333333,1,1.48333333333333
"176","cove_wash","CW011","5/13/2025","SSS",NA,NA,NA,14:00:00,15:40:00,1.66666666666667,1,1.66666666666667
"177","cove_wash","CW077","5/13/2025","SSS",NA,NA,NA,15:55:00,17:25:00,1.5,1,1.5
"178","fort_pearce","FP008","5/14/2025","EK",NA,NA,NA,14:04:00,15:31:00,1.45,1,1.45
"179","fort_pearce","FP065","5/14/2025","EK",NA,NA,NA,12:09:00,13:40:00,1.51666666666667,1,1.51666666666667
"180","fort_pearce","FP144","5/14/2025","EK",NA,NA,NA,10:06:00,11:37:00,1.51666666666667,1,1.51666666666667
"181","fort_pearce","FP131","5/14/2025","QJ",NA,NA,NA,14:50:00,16:20:00,1.5,1,1.5
"182","fort_pearce","FP101","5/14/2025","QJ",NA,NA,NA,12:34:00,14:25:00,1.85,1,1.85
"183","fort_pearce","FP052","5/14/2025","QJ",NA,NA,NA,10:20:00,11:54:00,1.56666666666667,1,1.56666666666667
"184","cove_wash","CW066","5/15/2025","SSS",NA,NA,NA,09:45:00,11:22:00,1.61666666666667,1,1.61666666666667
"185","cove_wash","CW088","5/15/2025","SSS",NA,NA,NA,11:40:00,13:20:00,1.66666666666667,1,1.66666666666667
"186","cove_wash","CW032","5/15/2025","SSS",NA,NA,NA,13:55:00,15:31:00,1.6,1,1.6
"187","cove_wash","CW049","5/15/2025","DTP",NA,NA,NA,10:01:00,11:31:00,1.5,1,1.5
"188","cove_wash","CW137","5/15/2025","DTP",NA,NA,NA,11:56:00,13:26:00,1.5,1,1.5
"189","cove_wash","CW014","5/15/2025","DTP",NA,NA,NA,13:54:00,15:24:00,1.5,1,1.5
"190","sun_river","SR143","5/16/2025","QJ",NA,NA,NA,14:25:00,15:55:00,1.5,1,1.5
"191","sun_river","SR006","5/16/2025","QJ",NA,NA,NA,12:25:00,14:00:00,1.58333333333333,1,1.58333333333333
"192","sun_river","SR003","5/16/2025","DTP",NA,NA,NA,14:37:00,16:09:00,1.53333333333333,1,1.53333333333333
"193","sun_river","SR036","5/16/2025","DTP",NA,NA,NA,12:31:00,14:01:00,1.5,1,1.5
"194","sun_river","SR129","5/16/2025","DTP",NA,NA,NA,10:37:00,12:07:00,1.5,1,1.5
"195","sun_river","SR131","5/16/2025","EK",NA,NA,NA,13:08:00,14:46:00,1.63333333333333,1,1.63333333333333
"196","white_reef","WR064","5/17/2025","QJ",NA,NA,NA,08:30:00,10:10:00,1.66666666666667,1,1.66666666666667
"197","white_reef","WR080","5/17/2025","QJ",NA,NA,NA,12:45:00,14:15:00,1.5,1,1.5
"198","white_reef","WR114","5/17/2025","QJ",NA,NA,NA,10:30:00,12:14:00,1.73333333333333,1,1.73333333333333
"199","white_reef","WR127","5/17/2025","EK",NA,NA,NA,12:38:00,14:11:00,1.55,1,1.55
"200","white_reef","WR136","5/17/2025","EK",NA,NA,NA,19:28:00,11:59:00,-7.48333333333333,1,-7.48333333333333
"201","white_reef","WR147","5/17/2025","EK",NA,NA,NA,08:25:00,10:00:00,1.58333333333333,1,1.58333333333333
"202","cove_wash","CW043","5/18/2025","EK",NA,NA,NA,13:04:00,14:38:00,1.56666666666667,1,1.56666666666667
"203","cove_wash","CW057","5/18/2025","EK",NA,NA,NA,11:14:00,12:46:00,1.53333333333333,1,1.53333333333333
"204","cove_wash","CW025","5/18/2025","QJ",NA,NA,NA,14:10:00,15:45:00,1.58333333333333,1,1.58333333333333
"205","cove_wash","CW121","5/18/2025","QJ",NA,NA,NA,11:40:00,13:25:00,1.75,1,1.75
"206","cove_wash","CW012","5/18/2025","QJ",NA,NA,NA,08:30:00,10:36:00,2.1,1,2.1
"207","cove_wash","CW122","5/18/2025","EK",NA,NA,NA,08:37:00,10:15:00,1.63333333333333,1,1.63333333333333
"208","fort_pearce","FP027","5/19/2025","SSS",NA,NA,NA,10:10:00,11:40:00,1.5,1,1.5
"209","fort_pearce","FP084","5/19/2025","SSS",NA,NA,NA,12:00:00,13:33:00,1.55,1,1.55
"210","fort_pearce","FP125","5/19/2025","SSS",NA,NA,NA,14:15:00,15:45:00,1.5,1,1.5
"211","fort_pearce","FP010","5/19/2025","QJ",NA,NA,NA,11:50:00,13:10:00,1.33333333333333,1,1.33333333333333
"212","fort_pearce","FP130","5/19/2025","QJ",NA,NA,NA,10:00:00,11:25:00,1.41666666666667,1,1.41666666666667
"213","fort_pearce","FP117","5/19/2025","QJ",NA,NA,NA,13:30:00,14:50:00,1.33333333333333,1,1.33333333333333
"214","turkey_farm","TF144","5/20/2025","EK",NA,NA,NA,14:02:00,15:32:00,1.5,1,1.5
"215","turkey_farm","TF036","5/20/2025","EK",NA,NA,NA,12:05:00,13:35:00,1.5,1,1.5
"216","turkey_farm","TF033","5/20/2025","EK",NA,NA,NA,09:56:00,11:28:00,1.53333333333333,1,1.53333333333333
"217","turkey_farm","TF099","5/20/2025","SSS","MSS",NA,NA,09:25:00,10:56:00,1.51666666666667,2,3.03333333333333
"218","turkey_farm","TF117","5/20/2025","SSS","MSS",NA,NA,11:20:00,12:50:00,1.5,2,3
"219","turkey_farm","TF139","5/20/2025","SSS","MSS",NA,NA,13:30:00,14:58:00,1.46666666666667,2,2.93333333333333
"220","paradise_canyon","PC101","5/21/2025","SSS",NA,NA,NA,08:45:00,10:36:00,1.85,1,1.85
"221","paradise_canyon","PC098","5/21/2025","SSS",NA,NA,NA,11:15:00,12:49:00,1.56666666666667,1,1.56666666666667
"222","paradise_canyon","PC027","5/21/2025","SSS",NA,NA,NA,13:45:00,15:15:00,1.5,1,1.5
"223","paradise_canyon","PC114","5/21/2025","DTP",NA,NA,NA,08:42:00,10:20:00,1.63333333333333,1,1.63333333333333
"224","paradise_canyon","PC021","5/21/2025","DTP",NA,NA,NA,11:36:00,13:16:00,1.66666666666667,1,1.66666666666667
"225","paradise_canyon","PC147","5/21/2025","DTP",NA,NA,NA,13:41:00,15:11:00,1.5,1,1.5
"226","fort_pearce","FP086","5/22/2025","SSS",NA,NA,NA,08:35:00,10:07:00,1.53333333333333,1,1.53333333333333
"227","fort_pearce","FP060","5/22/2025","SSS",NA,NA,NA,10:35:00,12:05:00,1.5,1,1.5
"228","fort_pearce","FP116","5/22/2025","DTP",NA,NA,NA,08:55:00,10:25:00,1.5,1,1.5
"229","fort_pearce","FP054","5/22/2025","DTP",NA,NA,NA,10:52:00,12:24:00,1.53333333333333,1,1.53333333333333
"230","fort_pearce","FP118","5/22/2025","DTP",NA,NA,NA,12:52:00,14:22:00,1.5,1,1.5
"231","fort_pearce","FP106","5/22/2025","SSS",NA,NA,NA,12:30:00,14:00:00,1.5,1,1.5
"232","sun_river","SR011","5/23/2025","SSS",NA,NA,NA,12:25:00,13:55:00,1.5,1,1.5
"233","sun_river","SR140","5/23/2025","SSS",NA,NA,NA,10:30:00,12:00:00,1.5,1,1.5
"234","sun_river","SR142","5/23/2025","QJ",NA,NA,NA,12:10:00,13:40:00,1.5,1,1.5
"235","sun_river","SR008","5/23/2025","QJ",NA,NA,NA,10:20:00,11:45:00,1.41666666666667,1,1.41666666666667
"236","cove_wash","CW124","5/26/2025","QJ",NA,NA,NA,09:15:00,10:45:00,1.5,1,1.5
"237","white_reef","WR119","5/26/2025","QJ",NA,NA,NA,12:00:00,13:25:00,1.41666666666667,1,1.41666666666667
"238","white_reef","WR030","5/26/2025","QJ",NA,NA,NA,08:30:00,09:50:00,1.33333333333333,1,1.33333333333333
"239","white_reef","WR026","5/26/2025","QJ",NA,NA,NA,10:20:00,11:40:00,1.33333333333333,1,1.33333333333333
"240","white_reef","WR126","5/26/2025","EK",NA,NA,NA,09:08:00,10:35:00,1.45,1,1.45
"241","white_reef","WR067","5/26/2025","EK",NA,NA,NA,10:54:00,12:30:00,1.6,1,1.6
"242","white_reef","WR013","5/26/2025","EK",NA,NA,NA,12:44:00,14:11:00,1.45,1,1.45
"243","turkey_farm","TF028","5/27/2025","DTP",NA,NA,NA,13:37:00,15:07:00,1.5,1,1.5
"244","turkey_farm","TF077","5/27/2025","DTP",NA,NA,NA,11:32:00,13:03:00,1.51666666666667,1,1.51666666666667
"245","turkey_farm","TF018","5/27/2025","DTP",NA,NA,NA,09:27:00,10:57:00,1.5,1,1.5
"246","turkey_farm","TF041","5/27/2025","SSS",NA,NA,NA,13:20:00,14:51:00,1.51666666666667,1,1.51666666666667
"247","turkey_farm","TF111","5/27/2025","SSS",NA,NA,NA,11:25:00,12:55:00,1.5,1,1.5
"248","turkey_farm","TF010","5/27/2025","SSS",NA,NA,NA,09:18:00,10:50:00,1.53333333333333,1,1.53333333333333
"249","cove_wash","CW064","5/28/2025","EK",NA,NA,NA,12:39:00,14:05:00,1.43333333333333,1,1.43333333333333
"250","cove_wash","CW147","5/28/2025","EK",NA,NA,NA,10:51:00,12:22:00,1.51666666666667,1,1.51666666666667
"251","cove_wash","CW018","5/28/2025","EK",NA,NA,NA,08:49:00,10:22:00,1.55,1,1.55
"252","cove_wash","CW125","5/28/2025","SSS",NA,NA,NA,09:00:00,10:30:00,1.5,1,1.5
"253","cove_wash","CW095","5/28/2025","SSS",NA,NA,NA,10:50:00,12:20:00,1.5,1,1.5
"254","cove_wash","CW003","5/28/2025","SSS",NA,NA,NA,12:40:00,14:13:00,1.55,1,1.55
"255","fort_pearce","NFP099","5/29/2025","QJ",NA,NA,NA,13:25:00,14:50:00,1.41666666666667,1,1.41666666666667
"256","fort_pearce","NFP002","5/29/2025","QJ",NA,NA,NA,08:50:00,10:40:00,1.83333333333333,1,1.83333333333333
"257","fort_pearce","FP078","5/29/2025","QJ",NA,NA,NA,11:45:00,13:05:00,1.33333333333333,1,1.33333333333333
"258","fort_pearce","NFP045","5/29/2025","EK",NA,NA,NA,08:26:00,10:00:00,1.56666666666667,1,1.56666666666667
"259","fort_pearce","NFP005","5/29/2025","EK",NA,NA,NA,11:05:00,12:36:00,1.51666666666667,1,1.51666666666667
"260","fort_pearce","NFP015","5/29/2025","EK",NA,NA,NA,13:24:00,14:55:00,1.51666666666667,1,1.51666666666667
"261","paradise_canyon","PC020","5/30/2025","QJ",NA,NA,NA,11:10:00,13:15:00,2.08333333333333,1,2.08333333333333
"262","paradise_canyon","PC123","5/30/2025","QJ",NA,NA,NA,08:00:00,10:40:00,2.66666666666667,1,2.66666666666667
"263","paradise_canyon","PC137","5/30/2025","QJ",NA,NA,NA,13:40:00,15:15:00,1.58333333333333,1,1.58333333333333
"264","paradise_canyon","PC095","5/30/2025","SSS",NA,NA,NA,08:00:00,10:05:00,2.08333333333333,1,2.08333333333333
"265","paradise_canyon","PC122","5/30/2025","SSS",NA,NA,NA,10:40:00,12:10:00,1.5,1,1.5
"266","paradise_canyon","PC089","5/31/2025","SSS",NA,NA,NA,12:30:00,14:00:00,1.5,1,1.5
"267","fort_pearce","NFP039","5/31/2025","DTP",NA,NA,NA,06:58:00,08:29:00,1.51666666666667,1,1.51666666666667
"268","fort_pearce","NFP145","5/31/2025","DTP",NA,NA,NA,09:13:00,11:43:00,2.5,1,2.5
"269","fort_pearce","NFP178","5/31/2025","DTP",NA,NA,NA,11:33:00,13:03:00,1.5,1,1.5
"270","fort_pearce","FP047","5/31/2025","EK",NA,NA,NA,07:23:00,08:52:00,1.48333333333333,1,1.48333333333333
"271","fort_pearce","FP061","5/31/2025","EK",NA,NA,NA,09:20:00,10:53:00,1.55,1,1.55
"272","fort_pearce","FP005","5/31/2025","EK",NA,NA,NA,11:32:00,13:06:00,1.56666666666667,1,1.56666666666667
"273","turkey_farm","TF048","6/1/2025","DTP",NA,NA,NA,10:19:00,11:49:00,1.5,1,1.5
"274","turkey_farm","TF027","6/1/2025","DTP",NA,NA,NA,08:10:00,09:40:00,1.5,1,1.5
"275","turkey_farm","TF093","6/1/2025","EK",NA,NA,NA,10:03:00,11:33:00,1.5,1,1.5
"276","turkey_farm","TF089","6/1/2025","EK",NA,NA,NA,08:06:00,09:39:00,1.55,1,1.55
"277","cove_wash","CW030","6/2/2025","QJ",NA,NA,NA,11:05:00,13:25:00,2.33333333333333,1,2.33333333333333
"278","cove_wash","CW079","6/2/2025","SSS",NA,NA,NA,12:15:00,13:48:00,1.55,1,1.55
"279","cove_wash","CW044","6/4/2025","SSS",NA,NA,NA,09:20:00,10:54:00,1.56666666666667,1,1.56666666666667
"280","cove_wash","CW058","6/4/2025","QJ",NA,NA,NA,08:50:00,10:30:00,1.66666666666667,1,1.66666666666667
"281","white_reef","WR051","6/4/2025","SSS",NA,NA,NA,12:00:00,13:32:00,1.53333333333333,1,1.53333333333333
"282","white_reef","WR099","6/4/2025","SSS",NA,NA,NA,10:05:00,11:43:00,1.63333333333333,1,1.63333333333333
"283","white_reef","WR001","6/4/2025","SSS",NA,NA,NA,08:10:00,09:43:00,1.55,1,1.55
"284","white_reef","WR115","6/4/2025","EK",NA,NA,NA,11:42:00,13:12:00,1.5,1,1.5
"285","white_reef","WR034","6/6/2025","EK",NA,NA,NA,07:39:00,09:09:00,1.5,1,1.5
"286","white_reef","WR096","6/6/2025","EK",NA,NA,NA,09:39:00,11:08:00,1.48333333333333,1,1.48333333333333
"287","paradise_canyon","PC136","6/6/2025","SSS","RB",NA,NA,11:18:00,12:48:00,1.5,2,3
"288","paradise_canyon","PC016","6/6/2025","SSS","RB",NA,NA,09:26:00,10:57:00,1.51666666666667,2,3.03333333333333
"289","paradise_canyon","PC078","6/6/2025","EK",NA,NA,NA,08:50:00,10:23:00,1.55,1,1.55
"290","paradise_canyon","PC039","6/6/2025","EK",NA,NA,NA,11:00:00,12:35:00,1.58333333333333,1,1.58333333333333
"291","paradise_canyon","PC017","6/6/2025","QJ",NA,NA,NA,09:20:00,10:50:00,1.5,1,1.5
"292","paradise_canyon","PC096","6/6/2025","QJ",NA,NA,NA,11:25:00,13:05:00,1.66666666666667,1,1.66666666666667
"293","turkey_farm","TF101","6/7/2025","DTP",NA,NA,NA,07:51:00,09:21:00,1.5,1,1.5
"294","turkey_farm","TF049","6/7/2025","DTP",NA,NA,NA,09:54:00,11:24:00,1.5,1,1.5
"295","turkey_farm","TF124","6/7/2025","QJ",NA,NA,NA,10:05:00,11:30:00,1.41666666666667,1,1.41666666666667
"296","turkey_farm","TF104","6/7/2025","QJ",NA,NA,NA,08:05:00,09:35:00,1.5,1,1.5
"297","sun_river","SR055","6/7/2025","SSS",NA,NA,NA,10:05:00,11:38:00,1.55,1,1.55
"298","sun_river","SR045","6/7/2025","EK",NA,NA,NA,10:00:00,11:34:00,1.56666666666667,1,1.56666666666667
"299","cove_wash","CW103","6/8/2025","EK",NA,NA,NA,16:00:00,17:35:00,1.58333333333333,1,1.58333333333333
"300","cove_wash","CW039","6/8/2025","QJ",NA,NA,NA,16:20:00,17:45:00,1.41666666666667,1,1.41666666666667
"301","cove_wash","CW010","6/8/2025","SSS",NA,NA,NA,16:10:00,17:43:00,1.55,1,1.55
"302","fort_pearce","NFP064","6/9/2025","SSS",NA,NA,NA,10:00:00,11:30:00,1.5,1,1.5
"303","fort_pearce","NFP066","6/9/2025","SSS",NA,NA,NA,08:00:00,09:30:00,1.5,1,1.5
"304","fort_pearce","FP112","6/9/2025","DTP",NA,NA,NA,10:04:00,11:34:00,1.5,1,1.5
"305","fort_pearce","NFP072","6/9/2025","DTP",NA,NA,NA,08:16:00,09:46:00,1.5,1,1.5
"306","cove_wash","CW142","6/10/2025","EK",NA,NA,NA,07:25:00,08:55:00,1.5,1,1.5
"307","cove_wash","CW022","6/10/2025","EK",NA,NA,NA,09:31:00,11:02:00,1.51666666666667,1,1.51666666666667
"308","cove_wash","CW072","6/10/2025","SSS",NA,NA,NA,07:30:00,09:04:00,1.56666666666667,1,1.56666666666667
"309","cove_wash","CW056","6/10/2025","SSS",NA,NA,NA,09:45:00,11:19:00,1.56666666666667,1,1.56666666666667
"310","turkey_farm","TF129","6/11/2025","DTP",NA,NA,NA,10:29:00,11:59:00,1.5,1,1.5
"311","turkey_farm","TF067","6/11/2025","QJ",NA,NA,NA,10:15:00,11:40:00,1.41666666666667,1,1.41666666666667
"312","sun_river","SR086","6/11/2025","QJ",NA,NA,NA,09:45:00,11:10:00,1.41666666666667,1,1.41666666666667
"313","sun_river","SR059","6/11/2025","QJ",NA,NA,NA,08:00:00,09:30:00,1.5,1,1.5
"314","sun_river","SR135","6/11/2025","EK",NA,NA,NA,09:23:00,10:49:00,1.43333333333333,1,1.43333333333333
"315","sun_river","SR133","6/11/2025","EK",NA,NA,NA,07:22:00,08:55:00,1.55,1,1.55
"316","fort_pearce","NFP103","6/12/2025","QJ","DTP",NA,NA,10:27:00,11:57:00,1.5,2,3
"317","fort_pearce","FP034","6/12/2025","QJ","DTP",NA,NA,08:15:00,10:05:00,1.83333333333333,2,3.66666666666667
"318","white_reef","WR016","6/12/2025","EK",NA,NA,NA,09:52:00,11:22:00,1.5,1,1.5
"319","white_reef","WR090","6/12/2025","SSS",NA,NA,NA,09:42:00,11:17:00,1.58333333333333,1,1.58333333333333
"320","paradise_canyon","PC013","6/13/2025","EK",NA,NA,NA,09:24:00,10:58:00,1.56666666666667,1,1.56666666666667
"321","paradise_canyon","PC059","6/13/2025","QJ",NA,NA,NA,09:25:00,11:20:00,1.91666666666667,1,1.91666666666667
"322","paradise_canyon","PC120","6/13/2025","SSS",NA,NA,NA,09:40:00,11:13:00,1.55,1,1.55
"323","paradise_canyon","PC148","6/13/2025","DTP",NA,NA,NA,09:33:00,11:13:00,1.66666666666667,1,1.66666666666667
"324","sun_river","SR070","6/14/2025","SSS",NA,NA,NA,08:45:00,10:14:00,1.48333333333333,1,1.48333333333333
"325","sun_river","SR113","6/14/2025","SSS",NA,NA,NA,07:10:00,08:43:00,1.55,1,1.55
"326","sun_river","SR030","6/14/2025","QJ",NA,NA,NA,08:40:00,10:00:00,1.33333333333333,1,1.33333333333333
"327","sun_river","SR117","6/14/2025","QJ",NA,NA,NA,06:55:00,08:25:00,1.5,1,1.5
"328","cove_wash","CW054","6/16/2025","EK",NA,NA,NA,09:37:00,11:09:00,1.53333333333333,1,1.53333333333333
"329","cove_wash","CW082","6/16/2025","DTP",NA,NA,NA,09:41:00,11:11:00,1.5,1,1.5
"330","cove_wash","CW112","6/16/2025","EK",NA,NA,NA,10:15:00,11:48:00,1.55,1,1.55
"331","cove_wash","CW031","6/16/2025","DTP",NA,NA,NA,10:43:00,12:19:00,1.6,1,1.6
"332","white_reef","WR146","6/16/2025","QJ",NA,NA,NA,09:40:00,11:05:00,1.41666666666667,1,1.41666666666667
"333","white_reef","WR036","6/16/2025","QJ",NA,NA,NA,07:25:00,09:10:00,1.75,1,1.75
"334","white_reef","WR029","6/16/2025","SSS",NA,NA,NA,09:40:00,11:11:00,1.51666666666667,1,1.51666666666667
"335","white_reef","WR142","6/16/2025","SSS",NA,NA,NA,07:50:00,09:21:00,1.51666666666667,1,1.51666666666667
"336","turkey_farm","TF073","6/17/2025","QJ",NA,NA,NA,10:40:00,12:25:00,1.75,1,1.75
"337","turkey_farm","TF042","6/17/2025","QJ",NA,NA,NA,07:30:00,09:50:00,2.33333333333333,1,2.33333333333333
"338","turkey_farm","TF025","6/17/2025","SSS",NA,NA,NA,11:05:00,12:35:00,1.5,1,1.5
"339","turkey_farm","TF017","6/17/2025","SSS",NA,NA,NA,07:45:00,09:23:00,1.63333333333333,1,1.63333333333333
"340","paradise_canyon","PC071","6/18/2025","EK",NA,NA,NA,09:53:00,11:28:00,1.58333333333333,1,1.58333333333333
"341","paradise_canyon","PC065","6/18/2025","QJ",NA,NA,NA,08:35:00,09:55:00,1.33333333333333,1,1.33333333333333
"342","paradise_canyon","PC105","6/18/2025","QJ",NA,NA,NA,06:20:00,08:05:00,1.75,1,1.75
"343","paradise_canyon","PC069","6/18/2025","EK",NA,NA,NA,06:21:00,08:03:00,1.7,1,1.7
"344","paradise_canyon","PC068","6/18/2025","EK",NA,NA,NA,08:40:00,10:11:00,1.51666666666667,1,1.51666666666667
"345","fort_pearce","NFP171","6/19/2025","DTP",NA,NA,NA,08:36:00,10:20:00,1.73333333333333,1,1.73333333333333
"346","fort_pearce","NFP102","6/19/2025","DTP",NA,NA,NA,06:43:00,08:13:00,1.5,1,1.5
"347","fort_pearce","FP137","6/19/2025","QJ",NA,NA,NA,08:30:00,10:00:00,1.5,1,1.5
"348","fort_pearce","NFP008","6/19/2025","QJ",NA,NA,NA,06:40:00,08:05:00,1.41666666666667,1,1.41666666666667
"349","sun_river","SR087","6/20/2025","SSS",NA,NA,NA,08:45:00,10:12:00,1.45,1,1.45
"350","sun_river","SR060","6/20/2025","SSS",NA,NA,NA,06:55:00,08:27:00,1.53333333333333,1,1.53333333333333
"351","sun_river","SR137","6/20/2025","DTP",NA,NA,NA,08:58:00,10:28:00,1.5,1,1.5
"352","sun_river","SR111","6/20/2025","DTP",NA,NA,NA,06:56:00,08:26:00,1.5,1,1.5
"353","white_reef","WR143","6/21/2025","SSS",NA,NA,NA,09:35:00,11:08:00,1.55,1,1.55
"354","white_reef","WR122","6/21/2025","SSS",NA,NA,NA,07:40:00,09:12:00,1.53333333333333,1,1.53333333333333
"355","white_reef","WR025","6/21/2025","QJ",NA,NA,NA,09:30:00,10:50:00,1.33333333333333,1,1.33333333333333
"356","white_reef","WR068","6/21/2025","QJ",NA,NA,NA,07:45:00,09:10:00,1.41666666666667,1,1.41666666666667
"357","cove_wash","CW115","6/22/2025","DTP",NA,NA,NA,09:39:00,11:09:00,1.5,1,1.5
"358","cove_wash","CW136","6/22/2025","DTP",NA,NA,NA,07:46:00,09:17:00,1.51666666666667,1,1.51666666666667
"359","cove_wash","CW139","6/22/2025","SSS",NA,NA,NA,10:30:00,12:05:00,1.58333333333333,1,1.58333333333333
"360","cove_wash","CW109","6/22/2025","SSS",NA,NA,NA,08:00:00,09:35:00,1.58333333333333,1,1.58333333333333
"361","sun_river","SR028","6/23/2025","SSS",NA,NA,NA,11:00:00,12:30:00,1.5,1,1.5
"362","sun_river","SR101","6/23/2025","SSS",NA,NA,NA,09:00:00,10:35:00,1.58333333333333,1,1.58333333333333
"363","sun_river","SR066","6/23/2025","DTP",NA,NA,NA,10:27:00,11:57:00,1.5,1,1.5
"364","sun_river","SR141","6/23/2025","DTP",NA,NA,NA,08:35:00,10:06:00,1.51666666666667,1,1.51666666666667
"365","turkey_farm","TF020","6/24/2025","SSS",NA,NA,NA,08:00:00,09:35:00,1.58333333333333,1,1.58333333333333
"366","turkey_farm","TF114","6/24/2025","SSS",NA,NA,NA,10:00:00,11:33:00,1.55,1,1.55
"367","turkey_farm","TF066","6/24/2025","QJ",NA,NA,NA,10:00:00,11:30:00,1.5,1,1.5
"368","turkey_farm","TF079","6/24/2025","QJ",NA,NA,NA,08:15:00,09:30:00,1.25,1,1.25
"369","cove_wash","CW114","6/25/2025","EK",NA,NA,NA,08:09:00,09:43:00,1.56666666666667,1,1.56666666666667
"370","cove_wash","CW094","6/25/2025","EK",NA,NA,NA,10:16:00,11:45:00,1.48333333333333,1,1.48333333333333
"371","cove_wash","CW130","6/25/2025","QJ",NA,NA,NA,09:35:00,11:00:00,1.41666666666667,1,1.41666666666667
"372","cove_wash","CW045","6/25/2025","QJ",NA,NA,NA,08:00:00,09:20:00,1.33333333333333,1,1.33333333333333
"373","paradise_canyon","PC111","6/26/2025","EK",NA,NA,NA,07:42:00,09:17:00,1.58333333333333,1,1.58333333333333
"374","paradise_canyon","PC023","6/26/2025","EK",NA,NA,NA,09:44:00,11:19:00,1.58333333333333,1,1.58333333333333
"375","paradise_canyon","PC057","6/26/2025","DTP",NA,NA,NA,09:48:00,11:18:00,1.5,1,1.5
"376","paradise_canyon","PC139","6/26/2025","DTP",NA,NA,NA,07:30:00,09:00:00,1.5,1,1.5
"377","fort_pearce","NFP172","6/27/2025","DTP",NA,NA,NA,09:49:00,11:20:00,1.51666666666667,1,1.51666666666667
"378","fort_pearce","FP051","6/27/2025","DTP",NA,NA,NA,16:16:00,09:27:00,-6.81666666666667,1,-6.81666666666667
"379","fort_pearce","NFP091","6/27/2025","SSS",NA,NA,NA,09:25:00,10:53:00,1.46666666666667,1,1.46666666666667
"380","sun_river","SR147","6/28/2025","DTP",NA,NA,NA,09:29:00,21:15:00,11.7666666666667,1,11.7666666666667
"381","sun_river","SR097","6/28/2025","QJ",NA,NA,NA,19:30:00,20:50:00,1.33333333333333,1,1.33333333333333
"382","sun_river","SR122","6/28/2025","SSS",NA,NA,NA,19:20:00,20:50:00,1.5,1,1.5
"383","sun_river","SR114","6/28/2025","EK",NA,NA,NA,19:37:00,21:10:00,1.55,1,1.55
"384","cove_wash","CW105","6/29/2025","QJ",NA,NA,NA,18:30:00,20:20:00,1.83333333333333,1,1.83333333333333
"385","cove_wash","CW052","6/29/2025","SSS",NA,NA,NA,19:00:00,20:32:00,1.53333333333333,1,1.53333333333333
"386","cove_wash","CW053","6/29/2025","DTP",NA,NA,NA,18:52:00,20:22:00,1.5,1,1.5
"387","cove_wash","CW007","6/29/2025","EK",NA,NA,NA,18:58:00,20:33:00,1.58333333333333,1,1.58333333333333
"388","turkey_farm","TF147","7/3/2025","SSS",NA,NA,NA,09:30:00,11:00:00,1.5,1,1.5
"389","turkey_farm","TF069","7/3/2025","SSS",NA,NA,NA,07:30:00,09:00:00,1.5,1,1.5
"390","turkey_farm","TF058","7/3/2025","EK",NA,NA,NA,08:15:00,09:49:00,1.56666666666667,1,1.56666666666667
"391","turkey_farm","TF094","7/3/2025","EK",NA,NA,NA,10:07:00,11:39:00,1.53333333333333,1,1.53333333333333
"392","white_reef","WR050","7/3/2025","QJ",NA,NA,NA,10:05:00,11:20:00,1.25,1,1.25
"393","white_reef","WR140","7/3/2025","QJ",NA,NA,NA,08:20:00,09:40:00,1.33333333333333,1,1.33333333333333
"394","white_reef","WR118","7/3/2025","DTP",NA,NA,NA,08:05:00,09:35:00,1.5,1,1.5
"395","white_reef","WR028","7/3/2025","DTP",NA,NA,NA,10:12:00,11:43:00,1.51666666666667,1,1.51666666666667
"396","paradise_canyon","PC042","7/9/2025","DTP",NA,NA,NA,08:02:00,09:32:00,1.5,1,1.5
"397","paradise_canyon","PC056","7/9/2025","DTP",NA,NA,NA,09:54:00,11:24:00,1.5,1,1.5
"398","paradise_canyon","PC075","7/9/2025","EK",NA,NA,NA,10:15:00,11:40:00,1.41666666666667,1,1.41666666666667
"399","paradise_canyon","PC052","7/9/2025","EK",NA,NA,NA,08:05:00,09:40:00,1.58333333333333,1,1.58333333333333
"400","fort_pearce","NFP133","7/10/2025","QJ",NA,NA,NA,10:10:00,11:40:00,1.5,1,1.5
"401","fort_pearce","FP139","7/10/2025","QJ",NA,NA,NA,08:25:00,09:50:00,1.41666666666667,1,1.41666666666667
"402","fort_pearce","NFP185","7/10/2025","SSS",NA,NA,NA,10:35:00,12:06:00,1.51666666666667,1,1.51666666666667
"403","fort_pearce","NFP182","7/10/2025","SSS",NA,NA,NA,08:45:00,10:15:00,1.5,1,1.5
"404","sun_river","SR073","7/10/2025","EK",NA,NA,NA,08:02:00,09:37:00,1.58333333333333,1,1.58333333333333
"405","sun_river","SR078","7/10/2025","EK",NA,NA,NA,10:09:00,11:38:00,1.48333333333333,1,1.48333333333333
"406","sun_river","SR049","7/10/2025","SSS",NA,NA,NA,10:10:00,11:40:00,1.5,1,1.5
"407","sun_river","SR040","7/10/2025","SSS",NA,NA,NA,08:20:00,09:52:00,1.53333333333333,1,1.53333333333333
"408","sun_river","SR037","7/10/2025","QJ",NA,NA,NA,09:50:00,11:15:00,1.41666666666667,1,1.41666666666667
"409","sun_river","SR038","7/10/2025","QJ",NA,NA,NA,08:15:00,09:40:00,1.41666666666667,1,1.41666666666667
"410","white_reef","WR095","7/11/2025","SSS",NA,NA,NA,10:00:00,11:32:00,1.53333333333333,1,1.53333333333333
"411","white_reef","WR058","7/11/2025","SSS",NA,NA,NA,08:00:00,09:32:00,1.53333333333333,1,1.53333333333333
"412","white_reef","WR132","7/11/2025","EK",NA,NA,NA,07:45:00,09:20:00,1.58333333333333,1,1.58333333333333
"413","white_reef","WR033","7/11/2025","EK",NA,NA,NA,09:35:00,11:00:00,1.41666666666667,1,1.41666666666667
"414","cove_wash","CW008","7/12/2025","QJ",NA,NA,NA,09:20:00,11:00:00,1.66666666666667,1,1.66666666666667
"415","cove_wash","CW110","7/12/2025","QJ",NA,NA,NA,07:40:00,09:00:00,1.33333333333333,1,1.33333333333333
"416","cove_wash","CW027","7/12/2025","EK",NA,NA,NA,07:44:00,09:15:00,1.51666666666667,1,1.51666666666667
"417","cove_wash","CW001","7/12/2025","EK",NA,NA,NA,09:44:00,11:13:00,1.48333333333333,1,1.48333333333333
"418","cove_wash","CW059","7/12/2025","SSS",NA,NA,NA,07:40:00,09:15:00,1.58333333333333,1,1.58333333333333
"419","cove_wash","CW096","7/12/2025","SSS",NA,NA,NA,09:35:00,11:12:00,1.61666666666667,1,1.61666666666667
"420","turkey_farm","TF065","7/13/2025","SSS",NA,NA,NA,19:20:00,20:50:00,1.5,1,1.5
"421","turkey_farm","TF076","7/13/2025","QJ",NA,NA,NA,19:25:00,21:00:00,1.58333333333333,1,1.58333333333333
"422","turkey_farm","TF053","7/13/2025","EK",NA,NA,NA,19:19:00,20:50:00,1.51666666666667,1,1.51666666666667
"423","paradise_canyon","PC108","7/14/2025","QJ",NA,NA,NA,09:35:00,11:05:00,1.5,1,1.5
"424","paradise_canyon","PC126","7/14/2025","QJ",NA,NA,NA,07:35:00,09:00:00,1.41666666666667,1,1.41666666666667
"425","paradise_canyon","PC138","7/14/2025","RB",NA,NA,NA,07:34:00,09:53:00,2.31666666666667,1,2.31666666666667
"426","paradise_canyon","PC058","7/14/2025","RB",NA,NA,NA,10:18:00,11:55:00,1.61666666666667,1,1.61666666666667
"427","paradise_canyon","PC031","7/15/2025","SSS",NA,NA,NA,10:00:00,11:33:00,1.55,1,1.55
"428","paradise_canyon","PC099","7/15/2025","SSS",NA,NA,NA,08:15:00,09:51:00,1.6,1,1.6
"429","paradise_canyon","PC040","7/15/2025","EK",NA,NA,NA,07:53:00,09:26:00,1.55,1,1.55
"430","paradise_canyon","PC149","7/16/2025","EK",NA,NA,NA,09:40:00,11:15:00,1.58333333333333,1,1.58333333333333
"431","white_reef","WR141","7/15/2025","QJ",NA,NA,NA,19:00:00,20:40:00,1.66666666666667,1,1.66666666666667
"432","white_reef","WR107","7/15/2025","EK",NA,NA,NA,19:02:00,20:31:00,1.48333333333333,1,1.48333333333333
"433","white_reef","WR023","7/15/2025","SSS",NA,NA,NA,19:05:00,20:40:00,1.58333333333333,1,1.58333333333333
"434","sun_river","SR079","7/16/2025","SSS",NA,NA,NA,09:00:00,10:30:00,1.5,1,1.5
"435","sun_river","SR102","7/16/2025","SSS",NA,NA,NA,07:05:00,08:38:00,1.55,1,1.55
"436","sun_river","SR110","7/16/2025","QJ",NA,NA,NA,08:55:00,10:20:00,1.41666666666667,1,1.41666666666667
"437","sun_river","SR033","7/16/2025","QJ",NA,NA,NA,07:15:00,08:40:00,1.41666666666667,1,1.41666666666667
"438","sun_river","SR124","7/16/2025","EK",NA,NA,NA,06:57:00,08:28:00,1.51666666666667,1,1.51666666666667
"439","sun_river","SR063","7/16/2025","EK",NA,NA,NA,08:46:00,10:17:00,1.51666666666667,1,1.51666666666667
"440","white_reef","WR011","7/17/2025","EK",NA,NA,NA,07:03:00,08:40:00,1.61666666666667,1,1.61666666666667
"441","white_reef","WR108","7/17/2025","EK",NA,NA,NA,09:02:00,10:33:00,1.51666666666667,1,1.51666666666667
"442","white_reef","WR103","7/17/2025","QJ",NA,NA,NA,09:30:00,11:00:00,1.5,1,1.5
"443","white_reef","WR075","7/17/2025","QJ",NA,NA,NA,07:35:00,09:05:00,1.5,1,1.5
"444","white_reef","WR137","7/17/2025","SSS",NA,NA,NA,08:55:00,10:25:00,1.5,1,1.5
"445","white_reef","WR106","7/17/2025","SSS",NA,NA,NA,07:10:00,08:45:00,1.58333333333333,1,1.58333333333333
"446","cove_wash","CW046","7/18/2025","EK",NA,NA,NA,07:39:00,09:06:00,1.45,1,1.45
"447","cove_wash","CW006","7/18/2025","SSS",NA,NA,NA,07:55:00,09:25:00,1.5,1,1.5
"448","cove_wash","CW060","7/18/2025","QJ",NA,NA,NA,07:30:00,09:00:00,1.5,1,1.5
"449","sun_river","SR027","7/20/2025","EK",NA,NA,NA,07:53:00,09:25:00,1.53333333333333,1,1.53333333333333
"450","sun_river","SR043","7/20/2025","QJ",NA,NA,NA,07:50:00,09:20:00,1.5,1,1.5
"451","sun_river","SR025","7/20/2025","SSS",NA,NA,NA,07:45:00,09:15:00,1.5,1,1.5
"452","fort_pearce","NFP067","7/22/2025","SSS",NA,NA,NA,08:00:00,09:30:00,1.5,1,1.5
"453","fort_pearce","NFP197","7/22/2025","SSS",NA,NA,NA,10:00:00,11:20:00,1.33333333333333,1,1.33333333333333
"454","fort_pearce","NFP058","7/22/2025","DTP",NA,NA,NA,07:35:00,09:05:00,1.5,1,1.5
"455","fort_pearce","NFP198","7/22/2025","DTP",NA,NA,NA,09:18:00,10:49:00,1.51666666666667,1,1.51666666666667
"456","fort_pearce","NFP040","7/23/2025","QJ",NA,NA,NA,09:40:00,11:00:00,1.33333333333333,1,1.33333333333333
"457","fort_pearce","NFP084","7/23/2025","QJ",NA,NA,NA,07:45:00,09:20:00,1.58333333333333,1,1.58333333333333
"458","fort_pearce","NFP202","7/23/2025","EK",NA,NA,NA,07:42:00,09:12:00,1.5,1,1.5
"459","fort_pearce","NFP150","7/24/2025","EK",NA,NA,NA,09:27:00,10:59:00,1.53333333333333,1,1.53333333333333
"460","turkey_farm","TF040","7/23/2025","QJ",NA,NA,NA,07:20:00,08:50:00,1.5,1,1.5
"461","turkey_farm","TF030","7/23/2025","EK",NA,NA,NA,07:22:00,08:52:00,1.5,1,1.5
"462","turkey_farm","TF136","7/23/2025","SSS",NA,NA,NA,07:20:00,08:50:00,1.5,1,1.5
"463","white_reef","WR061","7/24/2025","SSS",NA,NA,NA,12:10:00,13:40:00,1.5,1,1.5
"464","white_reef","WR088","7/24/2025","SSS",NA,NA,NA,10:15:00,11:45:00,1.5,1,1.5
"465","white_reef","WR020","7/24/2025","SSS",NA,NA,NA,08:20:00,09:50:00,1.5,1,1.5
"466","white_reef","WR062","7/24/2025","QJ",NA,NA,NA,12:05:00,13:25:00,1.33333333333333,1,1.33333333333333
"467","white_reef","WR059","7/24/2025","QJ",NA,NA,NA,08:40:00,10:10:00,1.5,1,1.5
"468","white_reef","WR038","7/24/2025","QJ",NA,NA,NA,10:25:00,11:40:00,1.25,1,1.25
"469","white_reef","WR094","7/24/2025","EK",NA,NA,NA,10:04:00,11:36:00,1.53333333333333,1,1.53333333333333
"470","white_reef","WR065","7/24/2025","EK",NA,NA,NA,08:17:00,09:47:00,1.5,1,1.5
"471","white_reef","WR006","7/24/2025","EK",NA,NA,NA,12:11:00,13:43:00,1.53333333333333,1,1.53333333333333
"472","white_reef","WR074","7/24/2025","DTP",NA,NA,NA,11:58:00,13:28:00,1.5,1,1.5
"473","white_reef","WR018","7/24/2025","DTP",NA,NA,NA,10:03:00,11:33:00,1.5,1,1.5
"474","white_reef","WR014","7/24/2025","DTP",NA,NA,NA,08:26:00,09:56:00,1.5,1,1.5
"475","turkey_farm","TF034","7/25/2025","EK",NA,NA,NA,11:35:00,13:04:00,1.48333333333333,1,1.48333333333333
"476","turkey_farm","TF080","7/25/2025","EK",NA,NA,NA,07:57:00,09:25:00,1.46666666666667,1,1.46666666666667
"477","turkey_farm","TF055","7/25/2025","EK",NA,NA,NA,09:44:00,11:15:00,1.51666666666667,1,1.51666666666667
"478","turkey_farm","TF062","7/25/2025","DTP",NA,NA,NA,07:57:00,09:28:00,1.51666666666667,1,1.51666666666667
"479","turkey_farm","TF026","7/25/2025","DTP",NA,NA,NA,09:57:00,11:27:00,1.5,1,1.5
"480","turkey_farm","TF059","7/25/2025","DTP",NA,NA,NA,08:09:00,09:40:00,1.51666666666667,1,1.51666666666667
"481","fort_pearce","FP123","7/26/2025","EK",NA,NA,NA,11:40:00,13:10:00,1.5,1,1.5
"482","fort_pearce","NFP208","7/26/2025","EK",NA,NA,NA,09:52:00,11:22:00,1.5,1,1.5
"483","fort_pearce","NFP137","7/26/2025","DTP",NA,NA,NA,10:08:00,11:37:00,1.48333333333333,1,1.48333333333333
"484","fort_pearce","NFP051","7/26/2025","DTP",NA,NA,NA,08:16:00,09:49:00,1.55,1,1.55
"485","cove_wash","CW033","7/27/2025","EK",NA,NA,NA,07:37:00,09:13:00,1.6,1,1.6
"486","cove_wash","CW047","7/27/2025","EK",NA,NA,NA,09:44:00,11:16:00,1.53333333333333,1,1.53333333333333
"487","cove_wash","CW016","7/27/2025","DTP",NA,NA,NA,07:34:00,09:05:00,1.51666666666667,1,1.51666666666667
"488","cove_wash","CW084","7/27/2025","DTP",NA,NA,NA,09:24:00,10:54:00,1.5,1,1.5
"489","sun_river","SR123","7/28/2025","SSS",NA,NA,NA,17:35:00,18:55:00,1.33333333333333,1,1.33333333333333
"490","sun_river","SR013","7/28/2025","SSS",NA,NA,NA,19:05:00,20:35:00,1.5,1,1.5
"491","sun_river","SR004","7/28/2025","EK",NA,NA,NA,19:05:00,20:34:00,1.48333333333333,1,1.48333333333333
"492","sun_river","SR109","7/28/2025","EK",NA,NA,NA,17:19:00,18:49:00,1.5,1,1.5
"493","sun_river","SR121","7/28/2025","QJ",NA,NA,NA,17:25:00,18:50:00,1.41666666666667,1,1.41666666666667
"494","sun_river","SR065","7/28/2025","QJ",NA,NA,NA,19:15:00,20:30:00,1.25,1,1.25
"495","paradise_canyon","PC045","7/29/2025","EK",NA,NA,NA,10:22:00,11:55:00,1.55,1,1.55
"496","paradise_canyon","PC079","7/29/2025","EK",NA,NA,NA,08:31:00,10:04:00,1.55,1,1.55
"497","paradise_canyon","PC088","7/29/2025","QJ",NA,NA,NA,08:40:00,10:00:00,1.33333333333333,1,1.33333333333333
"498","paradise_canyon","PC024","7/29/2025","QJ",NA,NA,NA,10:20:00,11:40:00,1.33333333333333,1,1.33333333333333
"499","paradise_canyon","PC044","7/29/2025","SSS",NA,NA,NA,08:30:00,10:00:00,1.5,1,1.5
"500","paradise_canyon","PC113","7/29/2025","SSS",NA,NA,NA,10:15:00,11:45:00,1.5,1,1.5
