site_id,tran_id,n_points,n_segments,path_m,straight_m,curve,path_km,straight_km
cove_wash,CW001,5,4,1023.11988229965,1013.0715670672038,1.0099186627668721,1.0231198822996501,1.0130715670672037
cove_wash,CW003,5,4,1012.8932523567474,1004.6098745284162,1.008245367717712,1.0128932523567475,1.0046098745284162
cove_wash,CW006,5,4,1067.2248590303561,990.5478282243619,1.0774087112415804,1.0672248590303561,0.9905478282243618
cove_wash,CW007,5,4,1008.40708064183,1008.3099721811741,1.0000963081426695,1.00840708064183,1.0083099721811741
cove_wash,CW008,5,4,1033.0270670483822,1000.6243051215577,1.032382545337921,1.033027067048382,1.0006243051215578
cove_wash,CW010,5,4,1028.193425077516,1027.3947634672857,1.000777365856465,1.028193425077516,1.0273947634672858
cove_wash,CW011,5,4,1003.4330330338281,999.522385942406,1.0039125157639515,1.0034330330338281,0.99952238594240606
cove_wash,CW012,5,4,1010.5750484065779,1005.2586731782025,1.0052885643966316,1.0105750484065779,1.0052586731782025
cove_wash,CW014,5,4,1002.6629431646876,1002.5667060101288,1.000095990774461,1.0026629431646876,1.0025667060101289
cove_wash,CW015,5,4,999.6867208397321,998.8378246742561,1.0008498838795505,0.9996867208397321,0.9988378246742561
cove_wash,CW016,5,4,999.2007729600058,999.072069472468,1.0001288230263565,0.9992007729600058,0.999072069472468
cove_wash,CW017,5,4,998.4858990567127,998.4007211535857,1.0000853143445536,0.9984858990567127,0.9984007211535857
cove_wash,CW018,5,4,1003.547438982403,1003.4266291064833,1.0001203973189623,1.003547438982403,1.0034266291064833
cove_wash,CW019,5,4,1006.4271969598398,1004.1613416179692,1.0022564654184154,1.0064271969598397,1.0041613416179693
cove_wash,CW022,5,4,1006.4571462899115,1006.388096114019,1.00006861187663,1.0064571462899115,1.006388096114019
cove_wash,CW023,5,4,1010.3143254398556,1009.752444909147,1.0005564537462042,1.0103143254398557,1.009752444909147
cove_wash,CW025,5,4,1000.7740937374604,1000.7077495452905,1.000066297270307,1.0007740937374603,1.0007077495452905
cove_wash,CW027,5,4,997.3720377075149,997.345476753166,1.0000266316486794,0.9973720377075149,0.9973454767531661
cove_wash,CW030,5,4,1000.7884815893917,1000.7122463525666,1.000076180977202,1.0007884815893917,1.0007122463525666
cove_wash,CW031,5,4,1002.7063948087994,1002.7043432637558,1.000002046011925,1.0027063948087993,1.002704343263756
cove_wash,CW032,5,4,997.7514138980473,997.6677803758123,1.0000838290299436,0.9977514138980473,0.9976677803758123
cove_wash,CW033,5,4,1014.4757153592527,1014.3258845164112,1.0001477146991207,1.0144757153592527,1.0143258845164111
cove_wash,CW037,5,4,1004.0002033868932,1003.9372490350181,1.0000627074570005,1.004000203386893,1.003937249035018
cove_wash,CW038,5,4,1001.8253054686217,1001.8243358992634,1.0000009678037591,1.0018253054686217,1.0018243358992633
cove_wash,CW039,5,4,1015.962988806926,1006.717438013269,1.0091838587915025,1.015962988806926,1.006717438013269
cove_wash,CW041,5,4,1002.0155299648728,1001.8552789699718,1.0001599542351725,1.0020155299648728,1.0018552789699717
cove_wash,CW043,5,4,990.8397602045412,990.5235989112022,1.000319186028164,0.9908397602045412,0.9905235989112021
cove_wash,CW044,5,4,1024.6973960867397,1005.219379041212,1.0193768817550115,1.0246973960867396,1.005219379041212
cove_wash,CW045,5,4,997.8532622768957,997.8416708075486,1.0000116165416681,0.9978532622768957,0.9978416708075486
cove_wash,CW046,5,4,1005.0805278214032,1005.0497500124061,1.0000306231696459,1.0050805278214032,1.005049750012406
cove_wash,CW047,5,4,1005.9853274985687,1005.9348885489558,1.0000501413661929,1.0059853274985686,1.0059348885489559
cove_wash,CW049,5,4,1002.0405426707559,1002.0189618964304,1.000021537291355,1.002040542670756,1.0020189618964304
cove_wash,CW052,5,4,1002.5553392621673,1001.0244752252564,1.001529297309705,1.0025553392621673,1.0010244752252564
cove_wash,CW053,5,4,996.0492913430984,995.9221857153299,1.000127626063152,0.9960492913430984,0.9959221857153299
cove_wash,CW054,5,4,1004.525416513592,1004.0244020938933,1.00049900621803,1.004525416513592,1.0040244020938933
cove_wash,CW056,5,4,1001.6069753236941,995.7534835490158,1.005878454729393,1.001606975323694,0.9957534835490157
cove_wash,CW057,5,4,1019.5705054778101,1018.4262368969095,1.0011235654968857,1.0195705054778101,1.0184262368969095
cove_wash,CW058,5,4,1002.0792981592982,1001.960578066822,1.0001184877879181,1.0020792981592983,1.001960578066822
cove_wash,CW059,5,4,997.5594475821612,996.157618050477,1.0014072366724731,0.9975594475821612,0.996157618050477
cove_wash,CW060,5,4,1000.0212465210379,999.8579899165682,1.0001632797918467,1.0000212465210379,0.9998579899165682
cove_wash,CW064,5,4,1016.4561429762554,1001.6985574512923,1.0147325614229814,1.0164561429762553,1.0016985574512924
cove_wash,CW065,5,4,998.1239099911268,998.1087115139312,1.000015227276368,0.9981239099911268,0.9981087115139312
cove_wash,CW066,5,4,1055.3547335974076,1014.4500973433834,1.0403219797219638,1.0553547335974076,1.0144500973433834
cove_wash,CW070,5,4,998.2397697491414,997.8065944861258,1.0004341274806252,0.9982397697491414,0.9978065944861259
cove_wash,CW071,5,4,998.6631844518856,995.2366552735083,1.0034429290362459,0.9986631844518856,0.9952366552735082
cove_wash,CW072,5,4,999.3309304267007,999.1646510961044,1.0001664183479808,0.9993309304267006,0.9991646510961044
cove_wash,CW073,5,4,1027.6543991164976,1027.0408949988312,1.0005973512064164,1.0276543991164977,1.0270408949988312
cove_wash,CW077,5,4,1004.6274094800082,1003.8929225769051,1.0007316386903273,1.004627409480008,1.003892922576905
cove_wash,CW079,5,4,1014.4470498734146,1011.9733198064067,1.002444461744783,1.0144470498734146,1.0119733198064067
cove_wash,CW082,5,4,994.3271528606075,991.4055678681657,1.0029469120278638,0.9943271528606075,0.9914055678681657
cove_wash,CW084,5,4,995.1213288748743,995.1130589033589,1.000008310584854,0.9951213288748743,0.9951130589033589
cove_wash,CW086,5,4,994.9615621543746,994.7793725243804,1.0001831457658112,0.9949615621543746,0.9947793725243804
cove_wash,CW088,5,4,1009.2445080273646,1004.5695595627014,1.0046536831821764,1.0092445080273647,1.0045695595627016
cove_wash,CW094,5,4,1013.2139954256872,1013.1559603535874,1.0000572814792301,1.0132139954256874,1.0131559603535873
cove_wash,CW095,5,4,991.2279394744241,989.5261492249712,1.0017198032116543,0.9912279394744241,0.9895261492249712
cove_wash,CW096,5,4,994.9492614524856,927.5780290627846,1.0726313369644733,0.9949492614524856,0.9275780290627846
cove_wash,CW097,5,4,1003.5678850386673,1003.3867649117163,1.000180508786128,1.0035678850386673,1.0033867649117163
cove_wash,CW098,5,4,1011.7830752719888,1011.6649643038944,1.0001167490940794,1.0117830752719887,1.0116649643038944
cove_wash,CW099,5,4,1008.5194554064647,1006.0601373675432,1.0024445040088323,1.0085194554064647,1.0060601373675433
cove_wash,CW103,5,4,1007.2150168317205,1006.3011477684004,1.0009081466967882,1.0072150168317204,1.0063011477684003
cove_wash,CW105,5,4,1002.0892445958978,1002.0803361008537,1.0000088900008544,1.0020892445958978,1.0020803361008537
cove_wash,CW109,5,4,1017.7863854823099,1004.2335385755646,1.0134957122881687,1.01778638548231,1.0042335385755645
cove_wash,CW110,5,4,1010.0007787699952,1009.8910832362072,1.0001086211529233,1.0100007787699952,1.0098910832362071
cove_wash,CW111,5,4,1000.3934600886465,1000.3124511871279,1.0000809835980973,1.0003934600886466,1.000312451187128
cove_wash,CW112,5,4,1008.5618948683391,1007.4145125021776,1.001138937698358,1.008561894868339,1.0074145125021776
cove_wash,CW114,5,4,1024.9584209961063,1024.3285605702888,1.0006149007750667,1.0249584209961062,1.0243285605702888
cove_wash,CW115,5,4,1055.0820582014205,1013.7065650374373,1.0408160453833653,1.0550820582014204,1.0137065650374373
cove_wash,CW121,5,4,1000.6307946496333,1000.5763339196066,1.00005442936054,1.0006307946496333,1.0005763339196065
cove_wash,CW122,5,4,1007.2786124455412,1007.0734829196924,1.0002036887370462,1.007278612445541,1.0070734829196923
cove_wash,CW124,5,4,1002.8164998172024,1002.7726561888293,1.0000437224011869,1.0028164998172024,1.0027726561888293
cove_wash,CW125,5,4,1010.3656891672531,1009.9826731187026,1.0003792303162666,1.010365689167253,1.0099826731187025
cove_wash,CW130,5,4,1000.2651548523057,1000.2204756952339,1.000044669308575,1.0002651548523058,1.0002204756952338
cove_wash,CW136,5,4,1005.7930327684153,1005.7897394585013,1.0000032743522673,1.0057930327684153,1.0057897394585014
cove_wash,CW137,5,4,994.3394309546992,994.3002564617993,1.0000393990574228,0.9943394309546992,0.9943002564617993
cove_wash,CW138,5,4,1004.1713263219862,1004.1259881110537,1.0000451519146694,1.0041713263219862,1.0041259881110538
cove_wash,CW139,5,4,1043.8655853000716,980.4636658234715,1.064665241239052,1.0438655853000716,0.9804636658234716
cove_wash,CW141,5,4,1002.53212049773,1001.9201564995087,1.0006107911835604,1.00253212049773,1.0019201564995088
cove_wash,CW142,5,4,998.1730679657968,997.6863234504119,1.00048787329639,0.9981730679657969,0.997686323450412
cove_wash,CW147,5,4,1015.9997275177094,1015.5456661322522,1.000447110750998,1.0159997275177095,1.0155456661322522
cove_wash,CW149,5,4,995.1317702433068,994.6562220184419,1.0004781031016927,0.9951317702433069,0.994656222018442
cove_wash,CW150,5,4,1012.3829517469328,1011.8982162253277,1.0004790358494882,1.0123829517469327,1.0118982162253276
fort_pearce,FP001,5,4,1002.6259471364849,1002.4794262228029,1.000146158524404,1.002625947136485,1.002479426222803
fort_pearce,FP005,5,4,1003.7806324178719,1003.756942690809,1.0000236010592358,1.003780632417872,1.003756942690809
fort_pearce,FP008,5,4,1007.9854086270016,1007.9151750023411,1.0000696820788122,1.0079854086270015,1.0079151750023412
fort_pearce,FP010,5,4,1001.8213435879135,1001.7844079441444,1.0000368698529107,1.0018213435879135,1.0017844079441445
fort_pearce,FP012,5,4,1022.7175201259508,1021.3309943402286,1.0013575675206234,1.0227175201259509,1.0213309943402287
fort_pearce,FP013,5,4,1005.5751505987802,1005.5694903884067,1.000005628860489,1.0055751505987802,1.0055694903884067
fort_pearce,FP014,5,4,1031.4656917510647,1023.5721762533407,1.007711733164355,1.0314656917510647,1.0235721762533407
fort_pearce,FP024,5,4,998.4446399018163,998.4357766025815,1.0000088771851354,0.9984446399018163,0.9984357766025815
fort_pearce,FP027,5,4,999.773032783014,999.2962523696364,1.0004771161827606,0.999773032783014,0.9992962523696364
fort_pearce,FP028,5,4,1005.77806038995,999.9544989648278,1.0058238264152528,1.00577806038995,0.9999544989648278
fort_pearce,FP034,5,4,1001.9050274612405,1001.8482919085104,1.0000566308823284,1.0019050274612404,1.0018482919085103
fort_pearce,FP038,5,4,1071.9209018006666,1071.2950107230033,1.0005842378349554,1.0719209018006666,1.0712950107230033
fort_pearce,FP040,5,4,998.4350405674725,998.1282482727357,1.0003073676105927,0.9984350405674725,0.9981282482727357
fort_pearce,FP047,5,4,1028.9630935869654,1028.9047574970193,1.0000566972691312,1.0289630935869654,1.0289047574970194
fort_pearce,FP051,5,4,1003.8137438488584,1003.635391962639,1.0001777058557795,1.0038137438488584,1.003635391962639
fort_pearce,FP052,5,4,1008.5828411932542,1008.5722581947215,1.000010493049404,1.0085828411932543,1.0085722581947214
fort_pearce,FP053,5,4,1005.1080435038722,1004.6755695248094,1.0004304613271997,1.0051080435038722,1.0046755695248093
fort_pearce,FP054,5,4,999.5358688258767,999.4738615891863,1.0000620398782534,0.9995358688258767,0.9994738615891863
fort_pearce,FP055,5,4,1000.8304660801415,1000.6882631469203,1.0001421051274988,1.0008304660801415,1.0006882631469203
fort_pearce,FP060,5,4,1007.4236963279934,1006.8093166036953,1.000610224512394,1.0074236963279934,1.0068093166036953
fort_pearce,FP061,5,4,1010.9638598181015,1010.9500482219682,1.0000136619966116,1.0109638598181014,1.0109500482219682
fort_pearce,FP065,5,4,1016.3022038400597,1016.2243846710234,1.0000765767582536,1.0163022038400598,1.0162243846710233
fort_pearce,FP078,5,4,998.3290696323209,998.30706698891,1.0000220399555793,0.9983290696323208,0.99830706698891
fort_pearce,FP079,5,4,991.4718845300213,991.4499483080324,1.0000221253952621,0.9914718845300212,0.9914499483080323
fort_pearce,FP081,5,4,1014.414783389072,1014.3672904821015,1.0000468202271664,1.014414783389072,1.0143672904821015
fort_pearce,FP084,5,4,1004.9514415385427,1000.6462911538722,1.0043023698011273,1.0049514415385428,1.0006462911538723
fort_pearce,FP086,5,4,1024.697905047928,1001.6985574512923,1.0229603481262417,1.0246979050479281,1.0016985574512924
fort_pearce,FP090,5,4,1012.3682573563738,1012.2593541183011,1.0001075843237504,1.0123682573563737,1.0122593541183011
fort_pearce,FP091,5,4,1004.7863678912039,1004.655662403791,1.000130099786727,1.004786367891204,1.004655662403791
fort_pearce,FP096,5,4,1008.3604802901374,1005.1785910971244,1.0031654963816332,1.0083604802901374,1.0051785910971243
fort_pearce,FP097,5,4,1004.0195757033268,1003.7375154889849,1.000281009935356,1.0040195757033268,1.003737515488985
fort_pearce,FP101,5,4,1004.913273158448,1004.9019852702054,1.0000112328250994,1.004913273158448,1.0049019852702055
fort_pearce,FP105,5,4,998.7804702955373,998.6716177002328,1.0001089973855022,0.9987804702955373,0.9986716177002328
fort_pearce,FP106,5,4,1017.2530315471448,1015.9335608198008,1.0012987765915315,1.0172530315471449,1.0159335608198008
fort_pearce,FP107,5,4,1002.5104020750975,1002.2155456786728,1.000294204572755,1.0025104020750975,1.0022155456786728
fort_pearce,FP109,5,4,1005.3027718484161,1003.6239335528024,1.0016727762655786,1.0053027718484162,1.0036239335528025
fort_pearce,FP110,5,4,1003.806458695478,1003.3473974651054,1.000457529696626,1.003806458695478,1.0033473974651053
fort_pearce,FP111,5,4,1006.3234353020223,1006.233074391813,1.0000898011728185,1.0063234353020223,1.006233074391813
fort_pearce,FP112,5,4,1005.739079266505,1005.6739034100467,1.0000648081413241,1.005739079266505,1.0056739034100468
fort_pearce,FP116,5,4,996.091396009291,996.0747963883034,1.0000166650346418,0.996091396009291,0.9960747963883034
fort_pearce,FP117,5,4,997.1124797270993,997.0245734183285,1.00008816864811,0.9971124797270993,0.9970245734183285
fort_pearce,FP118,5,4,997.1722739265492,997.1223595928435,1.0000500583837335,0.9971722739265492,0.9971223595928435
fort_pearce,FP119,5,4,1019.3113294609964,1018.9416077479611,1.0003628487738885,1.0193113294609963,1.0189416077479612
fort_pearce,FP123,5,4,965.4444736553593,965.3652158639237,1.0000821013541126,0.9654444736553592,0.9653652158639237
fort_pearce,FP125,5,4,1028.0229686850364,1027.3168936603738,1.000687300120362,1.0280229686850364,1.0273168936603738
fort_pearce,FP126,5,4,1002.3282553921775,1002.3078369443192,1.0000203714339106,1.0023282553921775,1.0023078369443192
fort_pearce,FP130,5,4,1008.775947055331,1008.7145284965414,1.0000608879490227,1.008775947055331,1.0087145284965415
fort_pearce,FP131,5,4,999.6326519534496,999.6239292854088,1.0000087259496149,0.9996326519534495,0.9996239292854089
fort_pearce,FP137,5,4,999.8962384892526,999.8444879079947,1.0000517586303508,0.9998962384892526,0.9998444879079946
fort_pearce,FP139,5,4,1002.4460696274962,1002.4315437973808,1.0000144905955977,1.0024460696274962,1.0024315437973808
fort_pearce,FP144,5,4,1067.715956110528,1017.8644310516013,1.0489765862114102,1.0677159561105278,1.0178644310516012
fort_pearce,FP145,5,4,998.6622416451946,998.6475854874932,1.0000146760057447,0.9986622416451947,0.9986475854874932
fort_pearce,FP149,5,4,1680.3779998885127,1022.4803176589758,1.6434331017107786,1.6803779998885127,1.0224803176589758
fort_pearce,NFP002,5,4,1003.3197767115546,1003.2766318418863,1.0000430039615187,1.0033197767115547,1.0032766318418864
fort_pearce,NFP005,5,4,1003.8009058613209,1003.7972902932145,1.000003601890682,1.0038009058613209,1.0037972902932144
fort_pearce,NFP008,5,4,999.9047929703495,999.8324859695248,1.0000723191152912,0.9999047929703495,0.9998324859695248
fort_pearce,NFP015,5,4,1004.2403586714132,997.9584159673187,1.0062947940551266,1.0042403586714133,0.9979584159673187
fort_pearce,NFP039,5,4,997.245167405559,997.1624742237345,1.0000829284935624,0.9972451674055589,0.9971624742237345
fort_pearce,NFP040,5,4,998.7854618570381,998.7452127544842,1.000040299670066,0.9987854618570381,0.9987452127544842
fort_pearce,NFP045,5,4,1066.671216431631,1004.1040782707737,1.0623114072682662,1.066671216431631,1.0041040782707737
fort_pearce,NFP051,5,4,1008.8114762346097,1008.8111815399352,1.0000002921207456,1.0088114762346096,1.0088111815399352
fort_pearce,NFP058,5,4,997.9051391122023,997.850189156669,1.0000550683420522,0.9979051391122022,0.997850189156669
fort_pearce,NFP064,5,4,1003.9848891848867,996.8254611515498,1.0071822282960812,1.0039848891848866,0.9968254611515498
fort_pearce,NFP066,5,4,1015.216839244228,1012.719112093773,1.0024663572758008,1.015216839244228,1.012719112093773
fort_pearce,NFP067,5,4,1072.7448738779901,966.7564326137168,1.1096330344321823,1.0727448738779901,0.9667564326137168
fort_pearce,NFP072,5,4,990.9803000941174,990.835001400334,1.0001466426736823,0.9909803000941174,0.990835001400334
fort_pearce,NFP084,5,4,1017.2363758179164,1010.4162508590209,1.0067498171700002,1.0172363758179164,1.0104162508590209
fort_pearce,NFP091,5,4,1012.9261159269473,1006.1436279180026,1.006741073362438,1.0129261159269474,1.0061436279180027
fort_pearce,NFP099,5,4,998.5998070961589,997.8065944861258,1.0007949562715022,0.9985998070961589,0.9978065944861259
fort_pearce,NFP102,5,4,997.564680235758,997.5174183942855,1.0000473794648606,0.9975646802357581,0.9975174183942855
fort_pearce,NFP103,5,4,1001.1679487316324,1001.0844120252797,1.0000834462162722,1.0011679487316323,1.0010844120252798
fort_pearce,NFP133,5,4,1055.2977717563388,1003.1196339420338,1.0520158673489988,1.0552977717563388,1.0031196339420339
fort_pearce,NFP137,5,4,1009.8398161642416,1009.8024559288812,1.0000369975683274,1.0098398161642417,1.0098024559288812
fort_pearce,NFP145,5,4,1002.0607077596694,1002.0079840001276,1.0000526181032323,1.0020607077596695,1.0020079840001277
fort_pearce,NFP150,5,4,1013.0216822440032,1012.754659332654,1.0002636600176444,1.0130216822440032,1.012754659332654
fort_pearce,NFP171,5,4,1003.3752131634758,1003.3563673989416,1.0000187827228155,1.0033752131634759,1.0033563673989416
fort_pearce,NFP172,5,4,998.8577934859042,998.8353217623013,1.0000224979264483,0.9988577934859042,0.9988353217623013
fort_pearce,NFP178,5,4,1002.9252721885447,1001.4135010074509,1.0015096373072392,1.0029252721885447,1.001413501007451
fort_pearce,NFP182,5,4,1008.7584189860382,1005.3720704296494,1.0033682540583624,1.0087584189860381,1.0053720704296494
fort_pearce,NFP185,5,4,1007.993815586146,1000.5938236867146,1.0073956002168452,1.0079938155861459,1.0005938236867147
fort_pearce,NFP197,5,4,1002.295222129259,929.0452088031024,1.0788444013618297,1.002295222129259,0.9290452088031024
fort_pearce,NFP198,5,4,999.3721005430472,999.3522902360309,1.000019823146662,0.9993721005430471,0.9993522902360309
fort_pearce,NFP202,5,4,1007.4996450817804,1007.0600776517755,1.0004364858063184,1.0074996450817804,1.0070600776517755
fort_pearce,NFP208,5,4,949.9358163560012,888.1717176312247,1.069540717744878,0.9499358163560012,0.8881717176312247
paradise_canyon,PC003,5,4,961.5954921028292,961.4291445551253,1.0001730211203248,0.9615954921028292,0.9614291445551253
paradise_canyon,PC004,5,4,1006.2418105085956,1006.2271115409284,1.0000146080020094,1.0062418105085955,1.0062271115409285
paradise_canyon,PC006,5,4,1056.2908169507145,1027.8098073087258,1.027710389061732,1.0562908169507146,1.0278098073087258
paradise_canyon,PC009,5,4,878.7651001719726,852.7115573275643,1.030553758326041,0.8787651001719725,0.8527115573275643
paradise_canyon,PC010,5,4,994.0240178432473,982.3247935382676,1.0119097312639742,0.9940240178432473,0.9823247935382676
paradise_canyon,PC012,5,4,996.377472972686,996.3699112277528,1.0000075892947469,0.996377472972686,0.9963699112277529
paradise_canyon,PC013,5,4,1019.3038672685473,1019.2595351528481,1.0000434944331353,1.0193038672685473,1.0192595351528482
paradise_canyon,PC014,5,4,1003.6751805577162,1002.7053405662105,1.0009672233230134,1.0036751805577162,1.0027053405662105
paradise_canyon,PC015,5,4,1020.7049612980527,1018.5700761361488,1.0020959629699728,1.0207049612980528,1.018570076136149
paradise_canyon,PC016,5,4,1020.1007151569603,1018.1208179779059,1.0019446583785476,1.0201007151569603,1.0181208179779058
paradise_canyon,PC017,5,4,1001.0924491231376,1001.0844120252797,1.0000080283917734,1.0010924491231377,1.0010844120252798
paradise_canyon,PC020,5,4,1005.7459787508251,1005.7261058558637,1.0000197597485496,1.0057459787508252,1.0057261058558638
paradise_canyon,PC021,5,4,996.5005642344818,996.48231293887,1.0000183157245992,0.9965005642344817,0.99648231293887
paradise_canyon,PC022,5,4,998.6700613549124,998.5990186255943,1.0000711423984932,0.9986700613549124,0.9985990186255943
paradise_canyon,PC023,5,4,988.9544236412679,988.9150620756062,1.0000398027769737,0.988954423641268,0.9889150620756062
paradise_canyon,PC024,5,4,1001.2620791672941,1001.1618250812403,1.000100137743512,1.0012620791672942,1.0011618250812402
paradise_canyon,PC027,5,4,1001.2780979787934,988.0080971328119,1.0134310648713212,1.0012780979787934,0.9880080971328119
paradise_canyon,PC028,5,4,1009.4715456674935,999.0760731796153,1.010405086025926,1.0094715456674934,0.9990760731796152
paradise_canyon,PC031,5,4,1022.4230646704185,991.9778223327374,1.0306914546396673,1.0224230646704184,0.9919778223327375
paradise_canyon,PC036,5,4,1000.8408782986407,1000.840147076445,1.0000007306083774,1.0008408782986407,1.000840147076445
paradise_canyon,PC037,5,4,1000.2343568424078,1000.2119775327628,1.0000223745667396,1.000234356842408,1.000211977532763
paradise_canyon,PC039,5,4,912.9369366687597,900.9150903387067,1.013344039254058,0.9129369366687597,0.9009150903387068
paradise_canyon,PC040,5,4,1004.3663678430071,1004.2649052914276,1.0001010316611134,1.004366367843007,1.0042649052914276
paradise_canyon,PC041,5,4,1000.0812673829819,999.9864999088737,1.000094768753495,1.000081267382982,0.9999864999088737
paradise_canyon,PC042,5,4,996.80948115523,996.7477113091356,1.0000619713949612,0.9968094811552299,0.9967477113091356
paradise_canyon,PC043,5,4,1005.5291682595841,1005.5098209366232,1.0000192413068059,1.0055291682595842,1.0055098209366231
paradise_canyon,PC044,5,4,1022.0913396721985,1009.6900514514343,1.0122822723695626,1.0220913396721985,1.0096900514514344
paradise_canyon,PC045,5,4,920.4050170866612,873.1466085371918,1.054124253690503,0.9204050170866612,0.8731466085371918
paradise_canyon,PC049,5,4,1003.403566459717,1003.1016897603154,1.0003009432667527,1.003403566459717,1.0031016897603153
paradise_canyon,PC052,5,4,2041.596208228606,792.7294620486865,2.5754009482029554,2.041596208228606,0.7927294620486866
paradise_canyon,PC055,5,4,1010.7225286608822,1005.8588370144192,1.0048353620483161,1.010722528660882,1.0058588370144192
paradise_canyon,PC056,5,4,999.9961606755221,999.9809998194966,1.00001516114409,0.9999961606755221,0.9999809998194965
paradise_canyon,PC057,5,4,993.5895954236533,992.7940370489742,1.0008013327487781,0.9935895954236533,0.9927940370489743
paradise_canyon,PC058,5,4,981.0405741276829,977.7893433659419,1.0033250830394091,0.981040574127683,0.9777893433659419
paradise_canyon,PC059,5,4,997.1597441210033,997.1098234397252,1.0000500653790632,0.9971597441210033,0.9971098234397252
paradise_canyon,PC061,5,4,998.5865829936349,998.497371053124,1.0000893461946894,0.9985865829936349,0.998497371053124
paradise_canyon,PC063,5,4,995.9713579098845,995.9327286518904,1.0000387870153102,0.9959713579098846,0.9959327286518904
paradise_canyon,PC065,5,4,1001.1391256095089,1001.1238684598425,1.0000152400218865,1.001139125609509,1.0011238684598425
paradise_canyon,PC067,5,4,1103.9099764491984,1009.0193258803322,1.0940424510562052,1.1039099764491984,1.0090193258803322
paradise_canyon,PC068,5,4,941.4282206712785,938.6953712467107,1.0029113272615142,0.9414282206712785,0.9386953712467107
paradise_canyon,PC069,5,4,998.9543125449874,998.695649334671,1.0002590010384933,0.9989543125449873,0.9986956493346709
paradise_canyon,PC070,5,4,994.0417280912462,994.0045271526684,1.0000374253210742,0.9940417280912462,0.9940045271526684
paradise_canyon,PC071,5,4,1008.1255760050369,1008.0972175341027,1.000028130690613,1.008125576005037,1.0080972175341028
paradise_canyon,PC072,5,4,1005.7243169961357,1005.6042959335447,1.000119352177667,1.0057243169961356,1.0056042959335447
paradise_canyon,PC075,5,4,1008.8184356569604,999.5378932286659,1.0092848330125004,1.0088184356569605,0.9995378932286659
paradise_canyon,PC078,5,4,1014.3054689481839,1014.2682091044754,1.000036735691185,1.0143054689481839,1.0142682091044755
paradise_canyon,PC079,5,4,1002.085654989186,999.4543511336574,1.0026327404073472,1.002085654989186,0.9994543511336574
paradise_canyon,PC087,5,4,986.8304505175887,986.4669279808625,1.0003685096037334,0.9868304505175887,0.9864669279808624
paradise_canyon,PC088,5,4,1006.9605404070599,1006.9185667172892,1.000041685287329,1.0069605404070598,1.0069185667172893
paradise_canyon,PC089,5,4,1029.5676434122506,1008.4071598317814,1.020984067173818,1.0295676434122507,1.0084071598317814
paradise_canyon,PC091,5,4,1021.0117433077692,1018.6265262597475,1.0023416011526618,1.0210117433077692,1.0186265262597476
paradise_canyon,PC093,5,4,1030.8102899824398,1010.7027258299049,1.019894637303985,1.0308102899824398,1.0107027258299048
paradise_canyon,PC094,5,4,1000.5955043433953,1000.5323582973216,1.0000631124476385,1.0005955043433954,1.0005323582973216
paradise_canyon,PC095,5,4,963.9203908798197,954.8664828131732,1.0094818576519435,0.9639203908798197,0.9548664828131732
paradise_canyon,PC096,5,4,1036.0076676920348,1014.5979499289361,1.0211016765454712,1.036007667692035,1.0145979499289361
paradise_canyon,PC097,5,4,1008.5224201330803,1008.5097917224205,1.0000125218523048,1.0085224201330802,1.0085097917224204
paradise_canyon,PC098,5,4,1016.2918281372124,1014.3751771410813,1.0018894892534072,1.0162918281372124,1.0143751771410814
paradise_canyon,PC099,5,4,1027.9070677274037,954.0047169694708,1.0774653934549654,1.0279070677274038,0.9540047169694708
paradise_canyon,PC101,5,4,1109.6102138249087,1030.0917434869575,1.077195522477225,1.1096102138249087,1.0300917434869574
paradise_canyon,PC104,5,4,998.2320031578682,998.2088959731825,1.0000231486463194,0.9982320031578682,0.9982088959731825
paradise_canyon,PC105,5,4,1000.4138572620296,1000.2849593990704,1.0001288611427654,1.0004138572620296,1.0002849593990704
paradise_canyon,PC106,5,4,1001.0642073980309,999.4418442310688,1.001623269204033,1.001064207398031,0.9994418442310687
paradise_canyon,PC108,5,4,1003.103871487549,1003.0373871396819,1.0000662830206726,1.003103871487549,1.0030373871396818
paradise_canyon,PC111,5,4,1007.6541728465827,1007.1668183573166,1.0004838865621695,1.0076541728465827,1.0071668183573166
paradise_canyon,PC113,5,4,1008.311428314285,1006.835140427667,1.0014662657542832,1.0083114283142849,1.006835140427667
paradise_canyon,PC114,5,4,961.2555724598338,961.2497074121792,1.000006101481862,0.9612555724598338,0.9612497074121792
paradise_canyon,PC117,5,4,997.9620441266776,997.8697309769447,1.0000925102213918,0.9979620441266775,0.9978697309769446
paradise_canyon,PC118,5,4,1015.251155490297,1015.2172181360992,1.000033428662942,1.015251155490297,1.0152172181360992
paradise_canyon,PC120,5,4,1017.5638650437851,1007.3857255292037,1.0101035177059259,1.017563865043785,1.0073857255292036
paradise_canyon,PC121,5,4,1007.7034845154712,1006.5157723553069,1.00118002339634,1.0077034845154713,1.0065157723553069
paradise_canyon,PC122,5,4,1032.6611177302827,1028.3472176264202,1.004194983980041,1.0326611177302827,1.0283472176264201
paradise_canyon,PC123,5,4,1008.8980724297397,1007.4348614178487,1.0014524125260384,1.0088980724297398,1.0074348614178485
paradise_canyon,PC124,5,4,992.350507774411,992.3406673113825,1.0000099164161589,0.9923505077744109,0.9923406673113825
paradise_canyon,PC125,5,4,1002.1629673508705,1002.0977996183806,1.000065031309833,1.0021629673508705,1.0020977996183806
paradise_canyon,PC126,5,4,999.0711145852521,999.0335329707407,1.0000376179710402,0.9990711145852521,0.9990335329707407
paradise_canyon,PC132,5,4,1002.8801703151763,1002.8384715396593,1.0000415807497423,1.0028801703151764,1.0028384715396592
paradise_canyon,PC133,5,4,968.4051486080647,962.3575219220766,1.0062841787466985,0.9684051486080647,0.9623575219220766
paradise_canyon,PC135,5,4,1032.793809046344,1031.690845166322,1.001069083713585,1.032793809046344,1.031690845166322
paradise_canyon,PC136,5,4,1044.8365700278753,1033.625173842046,1.0108466748581169,1.0448365700278752,1.033625173842046
paradise_canyon,PC137,5,4,992.1215860183192,992.0710660028343,1.0000509237868296,0.9921215860183192,0.9920710660028343
paradise_canyon,PC138,5,4,2515.5006650988016,1004.8885510343921,2.503263334535403,2.5155006650988017,1.0048885510343921
paradise_canyon,PC139,5,4,996.360953714429,996.3558601222758,1.0000051122218045,0.996360953714429,0.9963558601222757
paradise_canyon,PC142,5,4,1003.2013022049483,1002.0079840001276,1.001190926842775,1.0032013022049484,1.0020079840001277
paradise_canyon,PC147,5,4,1005.6088226264267,1005.5113127160728,1.0000969754483324,1.0056088226264266,1.0055113127160729
paradise_canyon,PC148,5,4,997.1216712627694,997.05566544702,1.0000662007328545,0.9971216712627694,0.9970556654470201
paradise_canyon,PC149,5,4,1004.2582977446637,1004.1120455407355,1.0001456532710444,1.0042582977446637,1.0041120455407355
sun_river,SR002,5,4,1000.1861421061135,1000.1804837128147,1.0000056573722351,1.0001861421061136,1.0001804837128148
sun_river,SR003,5,4,995.1548234723978,994.77133050767,1.0003855086621083,0.9951548234723978,0.99477133050767
sun_river,SR004,5,4,1017.7736589188798,1017.731791780133,1.0000411376937273,1.01777365891888,1.017731791780133
sun_river,SR006,5,4,999.070326229968,998.9794792687185,1.0000909397671673,0.999070326229968,0.9989794792687184
sun_river,SR007,5,4,1008.0608376472205,1007.9414665544821,1.0001184305802464,1.0080608376472204,1.0079414665544821
sun_river,SR008,5,4,1006.487752604861,1006.3105882380449,1.000176053366512,1.006487752604861,1.006310588238045
sun_river,SR010,5,4,1018.0221272040234,1017.4723583468988,1.000540328051779,1.0180221272040233,1.0174723583468988
sun_river,SR011,5,4,999.7661385125862,997.9503995690367,1.0018194681262051,0.9997661385125862,0.9979503995690366
sun_river,SR013,5,4,1080.763559081238,999.5378932286659,1.0812632181359332,1.0807635590812381,0.9995378932286659
sun_river,SR015,5,4,973.5753916944557,973.1854910550198,1.0004006437036101,0.9735753916944557,0.9731854910550198
sun_river,SR017,5,4,1003.7752355754778,1003.7375154889849,1.0000375796320362,1.0037752355754779,1.003737515488985
sun_river,SR021,5,4,979.4349241556409,975.4957713901173,1.0040381033737442,0.9794349241556409,0.9754957713901173
sun_river,SR022,5,4,1000.1058453540818,999.8849933867394,1.0002208773697006,1.0001058453540819,0.9998849933867394
sun_river,SR025,5,4,1013.8678408404672,1011.666447007115,1.0021760075565072,1.0138678408404673,1.011666447007115
sun_river,SR027,5,4,1002.7821823151098,1002.7103270636042,1.0000716610266855,1.0027821823151097,1.0027103270636042
sun_river,SR028,5,4,1072.6496346707863,1003.2606839700238,1.0691634306112565,1.0726496346707863,1.0032606839700238
sun_river,SR030,5,4,1002.5014816901721,1002.439025577117,1.0000623041516357,1.002501481690172,1.002439025577117
sun_river,SR031,5,4,1002.2002158789059,1001.3176319230577,1.0008814225653384,1.0022002158789058,1.0013176319230577
sun_river,SR033,5,4,973.4793229150939,973.1803532747668,1.000307208873793,0.9734793229150939,0.9731803532747668
sun_river,SR035,5,4,1139.4291832225392,882.7757359601588,1.2907345963504864,1.1394291832225392,0.8827757359601588
sun_river,SR036,5,4,1002.8347723416017,1002.7487222629605,1.0000858141992413,1.0028347723416018,1.0027487222629605
sun_river,SR037,5,4,1005.0185992585809,1004.9736314948766,1.0000447452174814,1.005018599258581,1.0049736314948765
sun_river,SR038,5,4,1001.9287793899506,1001.9046860854579,1.0000240475015512,1.0019287793899505,1.001904686085458
sun_river,SR040,5,4,996.0477479961905,926.2013819898997,1.0754116408855159,0.9960477479961906,0.9262013819898997
sun_river,SR043,5,4,1003.3511534699918,1003.3473974651054,1.000003743473991,1.0033511534699917,1.0033473974651053
sun_river,SR044,5,4,1008.8345154966723,1003.7768676354323,1.0050386176692379,1.0088345154966722,1.0037768676354322
sun_river,SR045,5,4,1008.1758042542083,1008.17508400079,1.0000007144130318,1.0081758042542084,1.00817508400079
sun_river,SR048,5,4,884.1525394864855,882.3746369881673,1.0020149066210546,0.8841525394864854,0.8823746369881672
sun_river,SR049,5,4,1041.0681641394274,915.5730446010302,1.1370672938422766,1.0410681641394275,0.9155730446010303
sun_river,SR055,5,4,1072.0488232044142,1021.2076184596352,1.0497853754963822,1.0720488232044143,1.0212076184596353
sun_river,SR059,5,4,1002.6049125953238,1002.3597158705053,1.0002446194923202,1.0026049125953238,1.0023597158705053
sun_river,SR060,5,4,1014.407288691826,1012.6208569844886,1.001764166415313,1.014407288691826,1.0126208569844886
sun_river,SR061,5,4,999.0712782916476,998.0045090078502,1.0010689022686459,0.9990712782916475,0.9980045090078502
sun_river,SR063,5,4,1009.1256918334502,1007.6229453520796,1.0014913777899783,1.0091256918334501,1.0076229453520795
sun_river,SR064,5,4,965.4387492252317,913.9474820797965,1.056339415726887,0.9654387492252318,0.9139474820797965
sun_river,SR065,5,4,989.8047105308659,989.6918712407413,1.0001140145669614,0.9898047105308659,0.9896918712407413
sun_river,SR066,5,4,1001.083942931255,1001.0259736889948,1.0000579098283,1.001083942931255,1.0010259736889948
sun_river,SR068,5,4,963.0620607211051,806.9510517993021,1.1934578418030608,0.9630620607211051,0.8069510517993022
sun_river,SR070,5,4,1011.5713742076432,1011.1626970967629,1.0004041655334535,1.011571374207643,1.0111626970967629
sun_river,SR073,5,4,990.1294813503758,988.7694372299338,1.001375491665936,0.9901294813503758,0.9887694372299338
sun_river,SR078,5,4,977.1196899922049,977.0798329716973,1.000040791979491,0.9771196899922049,0.9770798329716973
sun_river,SR079,5,4,1018.6419493333776,1008.4289761802762,1.0101276077882908,1.0186419493333776,1.0084289761802763
sun_river,SR080,5,4,1003.1451304259335,1003.1320949904853,1.0000129947347047,1.0031451304259336,1.0031320949904852
sun_river,SR083,5,4,1002.0117632664428,1001.9825347779272,1.0000291706566742,1.002011763266443,1.0019825347779272
sun_river,SR084,5,4,1004.2186705739916,1003.9252960255559,1.0002922274691126,1.0042186705739917,1.0039252960255558
sun_river,SR085,5,4,1014.9002725991941,1002.4490011965696,1.012420852719452,1.014900272599194,1.0024490011965697
sun_river,SR086,5,4,1006.0814734356784,1005.3556584612234,1.0007219484650496,1.0060814734356784,1.0053556584612233
sun_river,SR087,5,4,1003.2193779674998,1002.6230597786987,1.0005947581027437,1.0032193779674998,1.0026230597786987
sun_river,SR095,5,4,999.8718968705367,999.7329643459798,1.000138969634404,0.9998718968705367,0.9997329643459798
sun_river,SR097,5,4,1002.5361118026617,1002.2873839373616,1.0002481602275817,1.0025361118026617,1.0022873839373616
sun_river,SR099,5,4,1006.8433919158166,1006.6757173986069,1.0001665625924134,1.0068433919158166,1.006675717398607
sun_river,SR101,5,4,1029.2044326865764,1023.5003663897733,1.0055730964874232,1.0292044326865764,1.0235003663897733
sun_river,SR102,5,4,1005.0003074475836,960.5670200459726,1.0462573526618522,1.0050003074475837,0.9605670200459726
sun_river,SR104,5,4,999.063844234312,999.0320315185094,1.0000318435393452,0.999063844234312,0.9990320315185094
sun_river,SR106,5,4,1007.9840609922333,1007.9176553667467,1.0000658839788479,1.0079840609922333,1.0079176553667466
sun_river,SR107,5,4,998.0427932821356,997.0702081598868,1.0009754429670943,0.9980427932821355,0.9970702081598868
sun_river,SR108,5,4,1034.3387135300748,997.2848138821728,1.0371547817956444,1.0343387135300748,0.9972848138821728
sun_river,SR109,5,4,1009.599622421939,1009.548413896035,1.00005072419034,1.009599622421939,1.009548413896035
sun_river,SR110,5,4,1003.452391544991,1003.3787918827067,1.0000733518217444,1.0034523915449909,1.0033787918827066
sun_river,SR111,5,4,1003.5925422426799,1003.3967311088869,1.0001951482676015,1.00359254224268,1.003396731108887
sun_river,SR113,5,4,1260.9376916978981,1005.7365460198808,1.2537455228090841,1.260937691697898,1.0057365460198808
sun_river,SR114,5,4,1016.0863566954284,1016.0088582291003,1.0000762773529979,1.0160863566954283,1.0160088582291003
sun_river,SR115,5,4,1013.980179147605,802.2748905456284,1.2638812345952837,1.013980179147605,0.8022748905456284
sun_river,SR116,5,4,1000.8225543499681,1000.814168564774,1.0000083789633054,1.000822554349968,1.000814168564774
sun_river,SR117,5,4,1005.4273290497079,1005.3934553198563,1.0000336920134822,1.0054273290497078,1.0053934553198562
sun_river,SR121,5,4,1005.3254082302157,1004.8925315674309,1.0004307691113095,1.0053254082302157,1.0048925315674309
sun_river,SR122,5,4,1008.7182118981636,1008.4463297568195,1.0002696049688728,1.0087182118981637,1.0084463297568196
sun_river,SR123,5,4,1011.6047972521703,1004.6039020429893,1.0069688114837538,1.0116047972521702,1.0046039020429893
sun_river,SR124,5,4,1010.4873311315391,1007.572329909868,1.0028930937612508,1.0104873311315392,1.007572329909868
sun_river,SR129,5,4,994.1711132019334,994.1011014982329,1.0000704271462881,0.9941711132019334,0.9941011014982328
sun_river,SR131,5,4,1272.0035229542257,1019.5023295706587,1.2476710313059336,1.2720035229542257,1.0195023295706587
sun_river,SR133,5,4,1007.0834920393064,1007.0615671348004,1.000021771165956,1.0070834920393064,1.0070615671348004
sun_river,SR134,5,4,1004.7966599411144,1004.463040634149,1.0003321369661893,1.0047966599411144,1.004463040634149
sun_river,SR135,5,4,1005.7905125674581,1005.6286590983772,1.0001609475501883,1.0057905125674582,1.0056286590983772
sun_river,SR137,5,4,998.1472670605119,998.1232388838565,1.000024073356595,0.9981472670605119,0.9981232388838566
sun_river,SR140,5,4,992.1501502601487,989.8206908324356,1.0023534155724245,0.9921501502601487,0.9898206908324356
sun_river,SR141,5,4,1001.1577303925476,1001.1218707030628,1.000035819504632,1.0011577303925476,1.0011218707030627
sun_river,SR142,5,4,1003.1126306847034,1002.947655663046,1.0001644901613018,1.0031126306847034,1.0029476556630461
sun_river,SR143,5,4,1002.6768540465021,1002.6574689294445,1.0000193337382488,1.002676854046502,1.0026574689294445
sun_river,SR145,5,4,998.1308796275321,946.6409034052987,1.0543923002238877,0.9981308796275321,0.9466409034052987
sun_river,SR146,5,4,995.7298637933189,995.6329645004729,1.0000973243115696,0.995729863793319,0.9956329645004729
sun_river,SR147,5,4,1008.1638645146653,1008.1438389436302,1.0000198638034192,1.0081638645146653,1.0081438389436301
sun_river,SR150,5,4,1014.7621598893919,1014.6023851736206,1.0001574752022133,1.014762159889392,1.0146023851736206
turkey_farm,TF004,5,4,1013.206174796402,1009.9589100552556,1.0032152444112492,1.013206174796402,1.0099589100552555
turkey_farm,TF006,5,4,983.1345076182135,982.8107651018074,1.0003294047317162,0.9831345076182135,0.9828107651018074
turkey_farm,TF010,5,4,1066.941852521951,996.0768042676227,1.0711441607220566,1.066941852521951,0.9960768042676227
turkey_farm,TF011,5,4,1018.2521180985949,1016.070863670443,1.002146754233531,1.0182521180985948,1.016070863670443
turkey_farm,TF015,5,4,1000.4295535837543,999.9449984874168,1.0004845817490666,1.0004295535837544,0.9999449984874168
turkey_farm,TF017,5,4,1008.1135597238364,1007.1370313914587,1.0009696082081587,1.0081135597238364,1.0071370313914587
turkey_farm,TF018,5,4,998.1829776433133,998.1502892851356,1.0000327489342322,0.9981829776433133,0.9981502892851356
turkey_farm,TF020,5,4,1016.930914111445,1016.5431618972211,1.0003814419581556,1.0169309141114449,1.0165431618972212
turkey_farm,TF025,5,4,1008.5209152247579,1008.3774095049928,1.0001423135012868,1.0085209152247578,1.0083774095049929
turkey_farm,TF026,5,4,995.7684988815944,995.7359087629611,1.0000327296809792,0.9957684988815944,0.9957359087629611
turkey_farm,TF027,5,4,999.8272023746781,999.7364652747243,1.0000907610186338,0.9998272023746781,0.9997364652747243
turkey_farm,TF028,5,4,998.2272901993174,998.1522929894015,1.0000751360393025,0.9982272901993174,0.9981522929894016
turkey_farm,TF030,5,4,1009.8592845524565,1009.7252101438291,1.0001327830654128,1.0098592845524565,1.0097252101438292
turkey_farm,TF033,5,4,1044.5726251123365,1029.6649940636032,1.0144781371947975,1.0445726251123364,1.0296649940636031
turkey_farm,TF034,5,4,1010.1537377818398,1010.1074200301668,1.0000458542831727,1.01015373778184,1.010107420030167
turkey_farm,TF036,5,4,958.0265636290027,946.4760958418337,1.0122036550504696,0.9580265636290026,0.9464760958418338
turkey_farm,TF040,5,4,1009.4318962465746,1005.1989852760497,1.0042110179502046,1.0094318962465747,1.0051989852760497
turkey_farm,TF041,5,4,1009.7552495053949,1008.9326042902965,1.0008153619098048,1.009755249505395,1.0089326042902964
turkey_farm,TF042,5,4,997.7234735947815,997.6773025382506,1.0000462785475959,0.9977234735947814,0.9976773025382506
turkey_farm,TF045,5,4,1005.4322237593269,1005.3362621531166,1.000095452247992,1.005432223759327,1.0053362621531166
turkey_farm,TF047,5,4,992.1113353546759,992.0912256440937,1.0000202700216094,0.9921113353546759,0.9920912256440937
turkey_farm,TF048,5,4,994.5768562094495,994.4908244926144,1.0000865083062773,0.9945768562094495,0.9944908244926144
turkey_farm,TF049,5,4,997.6871246531517,997.6382109763038,1.0000490294741218,0.9976871246531517,0.9976382109763038
turkey_farm,TF050,5,4,1002.7783476628915,997.5795707611499,1.005211390704177,1.0027783476628915,0.9975795707611499
turkey_farm,TF052,5,4,997.0560956746644,997.0080240399271,1.0000482158955377,0.9970560956746645,0.9970080240399272
turkey_farm,TF053,5,4,1006.7293290103756,1006.4442359117568,1.0002832676550237,1.0067293290103756,1.0064442359117567
turkey_farm,TF054,5,4,1619.6420672837382,908.2918033319469,1.783173712833583,1.6196420672837382,0.9082918033319469
turkey_farm,TF055,5,4,1021.6382023462802,1021.5424611830875,1.000093722157258,1.0216382023462802,1.0215424611830874
turkey_farm,TF058,5,4,1005.2970367111909,1005.2407671796842,1.0000559761734142,1.0052970367111909,1.0052407671796841
turkey_farm,TF059,5,4,1000.7505090797484,1000.6123125366787,1.0001381119753758,1.0007505090797484,1.0006123125366786
turkey_farm,TF060,5,4,1001.6962447506003,999.6204279625342,1.0020766050092604,1.0016962447506004,0.9996204279625343
turkey_farm,TF062,5,4,1013.4644796634751,1010.2603624808804,1.0031715756666197,1.013464479663475,1.0102603624808804
turkey_farm,TF063,5,4,999.5648652642531,999.5278885553919,1.0000369941742342,0.999564865264253,0.9995278885553919
turkey_farm,TF064,5,4,1003.1202892488227,1003.0977021207855,1.000022517375914,1.0031202892488227,1.0030977021207854
turkey_farm,TF065,5,4,1045.6895081857156,1013.5649954492312,1.0316945759578509,1.0456895081857156,1.0135649954492312
turkey_farm,TF066,5,4,1001.8022102709084,1001.7310018163558,1.0000710854055863,1.0018022102709083,1.0017310018163559
turkey_farm,TF067,5,4,1001.5036670652553,1001.4838990218465,1.0000197387530925,1.0015036670652553,1.0014838990218464
turkey_farm,TF068,5,4,1007.7971391362389,1007.504838698058,1.00029012311103,1.0077971391362388,1.007504838698058
turkey_farm,TF069,5,4,1003.7214742460171,1003.5741128586369,1.0001468365768826,1.0037214742460172,1.0035741128586368
turkey_farm,TF073,5,4,1000.2751531113435,1000.2399712069099,1.000035173463815,1.0002751531113434,1.0002399712069099
turkey_farm,TF076,5,4,1008.1223598652218,1008.0044642758285,1.0001169593921175,1.0081223598652218,1.0080044642758286
turkey_farm,TF077,5,4,998.9871200961846,998.8898838210346,1.0000973443386754,0.9989871200961846,0.9988898838210346
turkey_farm,TF079,5,4,1000.670913325641,1000.5848289875277,1.0000860340229227,1.000670913325641,1.0005848289875277
turkey_farm,TF080,5,4,1016.1078497146011,1016.0280507938745,1.0000785400763927,1.0161078497146012,1.0160280507938746
turkey_farm,TF081,5,4,1007.3456632150503,1006.8763578513501,1.0004661002913027,1.0073456632150504,1.0068763578513502
turkey_farm,TF085,5,4,1000.965812267151,1000.9540448991652,1.000011756152089,1.000965812267151,1.0009540448991652
turkey_farm,TF087,5,4,1000.6748046995135,1000.600319808064,1.0000744402035209,1.0006748046995135,1.000600319808064
turkey_farm,TF089,5,4,1016.2582418601578,1016.1245002459099,1.0001316193185141,1.0162582418601578,1.0161245002459098
turkey_farm,TF090,5,4,1021.2700012872104,1021.1287871762307,1.000138292165252,1.0212700012872105,1.0211287871762307
turkey_farm,TF091,5,4,1000.3747902448906,1000.2899579621901,1.000084807692035,1.0003747902448905,1.00028995796219
turkey_farm,TF092,5,4,1004.9751147652318,1004.1239963271469,1.000847622844587,1.0049751147652317,1.0041239963271469
turkey_farm,TF093,5,4,1018.3671659107686,1018.3246044361297,1.0000417955870393,1.0183671659107685,1.0183246044361296
turkey_farm,TF094,5,4,1006.0995904358333,1006.0825015872207,1.0000169855340746,1.0060995904358334,1.0060825015872208
turkey_farm,TF098,5,4,989.4524448086095,989.0727981296423,1.0003838409869175,0.9894524448086095,0.9890727981296422
turkey_farm,TF099,5,4,1007.8424303136644,1007.095824636365,1.0007413452216118,1.0078424303136644,1.007095824636365
turkey_farm,TF100,5,4,1004.1863019266127,1004.1200127474802,1.0000660171874785,1.0041863019266126,1.0041200127474803
turkey_farm,TF101,5,4,999.4134742014372,999.400320192064,1.0000131619023003,0.9994134742014372,0.999400320192064
turkey_farm,TF103,5,4,1024.322225917791,997.8541977663871,1.0265249454385725,1.024322225917791,0.9978541977663871
turkey_farm,TF104,5,4,1002.5675420680378,1002.5452608236698,1.000022224676769,1.0025675420680378,1.0025452608236698
turkey_farm,TF108,5,4,996.1478146966322,995.9944778963386,1.0001539534642978,0.9961478146966322,0.9959944778963385
turkey_farm,TF109,5,4,996.1398517704638,995.934234776574,1.0002064563971294,0.9961398517704638,0.9959342347765741
turkey_farm,TF110,5,4,999.4408856411736,998.5158987216979,1.0009263617341095,0.9994408856411736,0.9985158987216979
turkey_farm,TF111,5,4,1338.229145647758,1223.014717818228,1.0942052668303652,1.338229145647758,1.223014717818228
turkey_farm,TF114,5,4,1010.7980429442325,1010.4162508590209,1.0003778562398289,1.0107980429442325,1.0104162508590209
turkey_farm,TF117,5,4,1004.6131954222686,1003.6144678112208,1.0009951307430092,1.0046131954222686,1.0036144678112209
turkey_farm,TF119,5,4,1004.0927142364549,999.7119585160517,1.0043820179233485,1.0040927142364549,0.9997119585160517
turkey_farm,TF123,5,4,1010.2545678290628,1010.1727575023987,1.0000809864709344,1.0102545678290629,1.0101727575023987
turkey_farm,TF124,5,4,1004.9994711743082,1004.9726364434009,1.0000267019518085,1.0049994711743082,1.0049726364434008
turkey_farm,TF127,5,4,1011.5688144126775,1011.3461326370908,1.000220183543893,1.0115688144126775,1.0113461326370907
turkey_farm,TF129,5,4,1004.4944982327027,1004.4705072823193,1.0000238841760005,1.0044944982327026,1.0044705072823192
turkey_farm,TF136,5,4,1015.5084235734671,998.0871705417318,1.0174546407828082,1.015508423573467,0.9980871705417318
turkey_farm,TF137,5,4,1000.4719416777236,1000.3524378937656,1.0001194616811349,1.0004719416777237,1.0003524378937656
turkey_farm,TF139,5,4,995.4493762612874,993.702671828953,1.001757773710238,0.9954493762612874,0.993702671828953
turkey_farm,TF140,5,4,999.5093799675637,999.4483478399471,1.000061065814705,0.9995093799675637,0.9994483478399472
turkey_farm,TF144,5,4,1010.043419614829,1010.0019801960786,1.0000410290470345,1.010043419614829,1.0100019801960787
turkey_farm,TF145,5,4,999.0661297537024,998.7291925241797,1.0003373659567025,0.9990661297537023,0.9987291925241797
turkey_farm,TF147,5,4,993.8436390856273,991.95261983625,1.0019063604567013,0.9938436390856272,0.99195261983625
turkey_farm,TF148,5,4,995.9043831381216,994.4093724417525,1.001503415733802,0.9959043831381216,0.9944093724417524
turkey_farm,TF149,5,4,1001.5589211071415,1001.458935753234,1.000099839694208,1.0015589211071414,1.001458935753234
turkey_farm,TF150,5,4,997.424874496202,997.375054831431,1.000049950782837,0.9974248744962021,0.9973750548314311
white_reef,WR001,5,4,1004.2638761287719,1003.4943946031786,1.0007668020167642,1.0042638761287719,1.0034943946031787
white_reef,WR006,5,4,1054.0876693404944,1051.7376098628404,1.0022344541600643,1.0540876693404944,1.0517376098628404
white_reef,WR008,5,4,999.977894950461,998.179342603322,1.0018018328674767,0.999977894950461,0.998179342603322
white_reef,WR009,5,4,927.6846421973385,912.4954794408573,1.016645740278942,0.9276846421973385,0.9124954794408573
white_reef,WR011,5,4,1003.3066000700542,1003.1988835719466,1.0001073730243042,1.0033066000700541,1.0031988835719465
white_reef,WR013,5,4,999.1595253435426,998.9439423711423,1.0002158108811277,0.9991595253435426,0.9989439423711423
white_reef,WR014,5,4,1000.5971908274005,1000.5518477320403,1.0000453180866768,1.0005971908274005,1.0005518477320403
white_reef,WR016,5,4,1009.3907549626429,1009.3805030809739,1.0000101566075803,1.0093907549626429,1.009380503080974
white_reef,WR018,5,4,999.8363372947398,999.8019803941179,1.0000343637053093,0.9998363372947398,0.9998019803941179
white_reef,WR020,5,4,1030.3791299286252,992.2116709654246,1.0384670530291824,1.0303791299286251,0.9922116709654245
white_reef,WR023,5,4,1013.0672426619132,1012.0518761407441,1.0010032751730484,1.0130672426619132,1.012051876140744
white_reef,WR025,5,4,1005.7606107813974,995.3592316344889,1.0104498745943495,1.0057606107813974,0.9953592316344889
white_reef,WR026,5,4,1005.280596890195,1004.8706384405905,1.000407971368574,1.005280596890195,1.0048706384405905
white_reef,WR028,5,4,1002.3568277640088,1002.3078369443192,1.0000488780171957,1.002356827764009,1.0023078369443192
white_reef,WR029,5,4,1008.7796123175074,1005.1989852760497,1.0035621076959944,1.0087796123175075,1.0051989852760497
white_reef,WR030,5,4,995.207214717286,994.5295370173778,1.0006814053023911,0.995207214717286,0.9945295370173778
white_reef,WR031,5,4,999.1691799922284,999.1621490028533,1.0000070368852363,0.9991691799922283,0.9991621490028533
white_reef,WR033,5,4,1009.9175816921031,1002.6230597786987,1.007275438004602,1.009917581692103,1.0026230597786987
white_reef,WR034,5,4,1023.4871883114424,1023.0620704532057,1.0004155347661832,1.0234871883114425,1.0230620704532056
white_reef,WR036,5,4,1001.328739883452,1001.3121391454315,1.0000165789840865,1.001328739883452,1.0013121391454316
white_reef,WR037,5,4,1012.6140733689115,1003.1988835719466,1.0093851677380676,1.0126140733689115,1.0031988835719465
white_reef,WR038,5,4,1002.3818491869886,1000.7002548215925,1.001680417644838,1.0023818491869885,1.0007002548215924
white_reef,WR045,5,4,998.4612817554602,998.3731767230128,1.0000882485973197,0.9984612817554601,0.9983731767230127
white_reef,WR048,5,4,1028.0609088693636,997.8000801763849,1.0303275468645277,1.0280609088693635,0.9978000801763849
white_reef,WR050,5,4,1002.8564604513631,1002.6215637018785,1.0002342825628219,1.002856460451363,1.0026215637018785
white_reef,WR051,5,4,1000.5046831277523,995.2070136408806,1.0053231834324505,1.0005046831277522,0.9952070136408806
white_reef,WR052,5,4,980.2326554769762,979.2772845318123,1.000975587772998,0.9802326554769762,0.9792772845318123
white_reef,WR054,5,4,995.3784940956306,995.2788553968179,1.00010011133892,0.9953784940956306,0.9952788553968179
white_reef,WR058,5,4,1002.9233790697283,1000.1544880667186,1.0027684633084655,1.0029233790697283,1.0001544880667186
white_reef,WR059,5,4,1002.4959461864916,1002.4869076451822,1.000009016119054,1.0024959461864915,1.0024869076451821
white_reef,WR061,5,4,997.5678254481586,997.5414778343805,1.0000264125496168,0.9975678254481586,0.9975414778343805
white_reef,WR062,5,4,1013.1773590659286,1013.1692849667324,1.0000079691511734,1.0131773590659285,1.0131692849667324
white_reef,WR063,5,4,992.2215342048121,992.1653088069548,1.0000566693849888,0.9922215342048121,0.9921653088069549
white_reef,WR064,5,4,999.7599397814297,999.7329643459798,1.000026982640777,0.9997599397814297,0.9997329643459798
white_reef,WR065,5,4,1019.3896468558388,1001.4878930870807,1.0178751574455644,1.0193896468558388,1.0014878930870807
white_reef,WR066,5,4,999.5645969462847,998.2649948786144,1.0013018608028306,0.9995645969462847,0.9982649948786144
white_reef,WR067,5,4,1006.4833868208448,1006.0626223053911,1.0004182289512848,1.0064833868208447,1.006062622305391
white_reef,WR068,5,4,1015.6362960468985,1004.717870847334,1.010867155364079,1.0156362960468985,1.0047178708473339
white_reef,WR071,5,4,1003.4345123021914,1002.5771790740102,1.0008551294065688,1.0034345123021913,1.0025771790740103
white_reef,WR074,5,4,1000.1952856238022,1000.1544880667186,1.0000407912553213,1.0001952856238021,1.0001544880667186
white_reef,WR075,5,4,1017.208696227551,1000.9640353179528,1.0162290155654174,1.0172086962275508,1.0009640353179527
white_reef,WR076,5,4,1000.9030322838257,1000.8716201391665,1.0000313847890452,1.0009030322838257,1.0008716201391665
white_reef,WR080,5,4,997.7931388801533,997.7279188235639,1.000065368579308,0.9977931388801533,0.9977279188235638
white_reef,WR082,5,4,1002.5724613865242,1002.5452608236698,1.000027131506095,1.0025724613865241,1.0025452608236698
white_reef,WR085,5,4,1004.6293092341783,1004.6173400852684,1.0000119141372863,1.0046293092341783,1.0046173400852685
white_reef,WR087,5,4,1033.1729720086162,1004.8925315674309,1.0281427511428247,1.0331729720086162,1.0048925315674309
white_reef,WR088,5,4,1011.5135803907991,1009.6142827832815,1.0018812111119126,1.011513580390799,1.0096142827832815
white_reef,WR090,5,4,1111.4513965170152,990.1176697746587,1.1225447544734464,1.1114513965170152,0.9901176697746586
white_reef,WR091,5,4,1003.936070355186,1002.426057123417,1.0015063587194672,1.003936070355186,1.002426057123417
white_reef,WR094,5,4,1004.6653357477135,1004.558609539533,1.0001062418928741,1.0046653357477136,1.004558609539533
white_reef,WR095,5,4,1003.4113917933469,1000.8641266425728,1.00254506589153,1.003411391793347,1.0008641266425728
white_reef,WR096,5,4,1006.1449860111871,1006.0019880696061,1.0001421447902459,1.006144986011187,1.006001988069606
white_reef,WR099,5,4,1019.7130153205312,1018.4876042446467,1.0012031673932775,1.0197130153205312,1.0184876042446467
white_reef,WR102,5,4,1008.5066954422105,1008.3040216125294,1.0002010046824539,1.0085066954422104,1.0083040216125294
white_reef,WR103,5,4,996.1421266725383,996.0722865334624,1.0000701155327982,0.9961421266725383,0.9960722865334624
white_reef,WR104,5,4,1050.9265026704863,1036.1645622197277,1.0142467142662501,1.0509265026704864,1.0361645622197277
white_reef,WR106,5,4,1086.9219180060777,1005.222860862207,1.0812745713659906,1.0869219180060776,1.005222860862207
white_reef,WR107,5,4,1000.7703518731183,1000.4518978941467,1.000318310135292,1.0007703518731184,1.0004518978941466
white_reef,WR108,5,4,1004.168839170026,1004.0642409726581,1.0001041748058537,1.004168839170026,1.0040642409726581
white_reef,WR110,5,4,999.9281927660927,999.591916734024,1.0003364133167136,0.9999281927660927,0.999591916734024
white_reef,WR112,5,4,995.1300709020302,994.3218794736441,1.0008128066424666,0.9951300709020302,0.9943218794736441
white_reef,WR114,5,4,1004.8963764710584,1004.8925315674309,1.000003826183902,1.0048963764710583,1.0048925315674309
white_reef,WR115,5,4,1000.8461807430565,1000.4384039010098,1.000407598149428,1.0008461807430564,1.0004384039010097
white_reef,WR118,5,4,998.2259922936473,998.2028851891783,1.0000231487053501,0.9982259922936473,0.9982028851891783
white_reef,WR119,5,4,1000.8480293659823,1000.8441437106978,1.0000038823779995,1.0008480293659823,1.0008441437106979
white_reef,WR120,5,4,1015.5566742438062,1006.9106216541765,1.0085867130643889,1.0155566742438062,1.0069106216541766
white_reef,WR121,5,4,1000.2339186217832,997.3565059696558,1.0028850392361255,1.0002339186217832,0.9973565059696559
white_reef,WR122,5,4,1028.2929981935915,1004.3828951152045,1.0238057649076595,1.0282929981935915,1.0043828951152045
white_reef,WR124,5,4,1006.254396059292,1003.8710076498872,1.0023741978712828,1.006254396059292,1.0038710076498873
white_reef,WR126,5,4,1013.8643309224028,1012.6332011147965,1.0012157707314464,1.013864330922403,1.0126332011147965
white_reef,WR127,5,4,1012.0573499484069,1011.7751726544786,1.0002788932774342,1.012057349948407,1.0117751726544786
white_reef,WR128,5,4,1003.4185053705405,1003.3907514024634,1.0000276601792855,1.0034185053705404,1.0033907514024634
white_reef,WR131,5,4,1005.3229333940083,1005.3108971855423,1.0000119726230956,1.0053229333940084,1.0053108971855422
white_reef,WR132,5,4,1017.525712516815,1017.4757982379729,1.0000490569691471,1.0175257125168151,1.017475798237973
white_reef,WR135,5,4,999.3579899599866,999.2422128793398,1.0001158648815618,0.9993579899599866,0.9992422128793398
white_reef,WR136,5,4,1011.4593165310836,1011.3876605931081,1.0000708491321058,1.0114593165310837,1.011387660593108
white_reef,WR137,5,4,1016.2804734141614,998.3351140774324,1.0179752861375735,1.0162804734141615,0.9983351140774325
white_reef,WR138,5,4,1012.2135166538255,1011.1775313959463,1.001024533502489,1.0122135166538255,1.0111775313959463
white_reef,WR140,5,4,999.1876243071254,999.1841672084281,1.0000034599214147,0.9991876243071254,0.9991841672084281
white_reef,WR141,5,4,989.6888446284978,989.5382761672233,1.0001521603205261,0.9896888446284978,0.9895382761672233
white_reef,WR142,5,4,1030.333187422379,1021.0974488265065,1.0090449139859146,1.0303331874223791,1.0210974488265065
white_reef,WR143,5,4,983.2567444160359,969.9835050143894,1.0136839846585326,0.9832567444160358,0.9699835050143893
white_reef,WR144,5,4,997.2330723476928,994.8205868396573,1.0024250458222819,0.9972330723476928,0.9948205868396572
white_reef,WR145,5,4,1014.500225821918,1007.5405699027707,1.0069075689129015,1.014500225821918,1.0075405699027706
white_reef,WR146,5,4,990.5574800364119,990.5089600806244,1.0000489848731742,0.9905574800364119,0.9905089600806244
white_reef,WR147,5,4,1010.1657811449936,1010.0693045529104,1.0000955148242288,1.0101657811449936,1.0100693045529103
